,Compound Rating,Date,Negative Rating,Neutral Rating,Positive Rating,Source Account,Text
0,-0.5994,Mon Apr 09 19:01:07 +0000 2018,0.17,0.83,0.0,BBC,"In this five-part immersive living history series, the training programme of one of World War Two's most covert org‚Ä¶ https://t.co/WMq4ME93CR"
1,-0.0772,Mon Apr 09 18:04:06 +0000 2018,0.064,0.936,0.0,BBC,"When doctors found a large tumour on little Poppy‚Äôs brain, her parents faced one of the toughest decisions of their‚Ä¶ https://t.co/bJp258jCaL"
2,0.7184,Mon Apr 09 17:02:07 +0000 2018,0.0,0.727,0.273,BBC,"Keep full and satisfied with these protein-filled, vegetarian dinners. 
Make double portions and save for lunch tom‚Ä¶ https://t.co/yh3RGeC5i3"
3,0.0,Mon Apr 09 16:43:45 +0000 2018,0.0,1.0,0.0,BBC,"RT @BBCScotland: The history behind #NationalUnicornDay ü¶Ñ

*may not be factually accurate* https://t.co/p44XmIXnoM"
4,0.0,Mon Apr 09 16:34:07 +0000 2018,0.0,1.0,0.0,BBC,RT @BBCTwo: Can you guess the city? #TheCityAndTheCity‚Äôs @davemorrissey64 and @MandiDhillon tried our game out for size‚Ä¶ üåÜüèôüôÉ https://t.co/U‚Ä¶
5,0.0,Mon Apr 09 16:26:04 +0000 2018,0.0,1.0,0.0,BBC,"The latest episode of @TheSimpsons has addressed controversy surrounding Indian character Apu for the first time.
üëâ‚Ä¶ https://t.co/guqD0Pf53R"
6,0.6239,Mon Apr 09 16:04:04 +0000 2018,0.0,0.494,0.506,BBC,üèÉ‚Äç‚ôÄÔ∏è‚ù§Ô∏è What a brilliant idea! https://t.co/QUVCwBptOU
7,0.4003,Mon Apr 09 15:42:30 +0000 2018,0.0,0.856,0.144,BBC,RT @BBCTheOneShow: Tonight on The One Show - @kylieminogue! üíóüíóüíóüíóüíó RT: if you're excited. #TheOneShow #KylieMinogue #Kylie https://t.co/Yten‚Ä¶
8,0.5411,Mon Apr 09 15:29:26 +0000 2018,0.0,0.811,0.189,BBC,"RT @BBCSport: What a way to save match point!

Table tennis is pure carnage.

#GC2018 #bbcgoldcoast https://t.co/1shVrSJuRn"
9,0.5267,Mon Apr 09 15:07:08 +0000 2018,0.0,0.793,0.207,BBC,"üê∂‚ù§Ô∏èüòΩ
Henry and Baloo: Dog and cat travel companions gain cult following.
üëâ https://t.co/rTpxqa69Oq https://t.co/iRkQXMwnyv"
10,0.5267,Mon Apr 09 14:02:03 +0000 2018,0.0,0.855,0.145,BBC,"A new campaign is encouraging people to do CPR to the tune of @The_Proclaimers' hit 'I'm Gonna Be (500 miles)'.
üëâ‚Ä¶ https://t.co/MULW1tgRPL"
11,0.4404,Mon Apr 09 13:01:05 +0000 2018,0.0,0.707,0.293,BBC,"How NOT to impress Madonna...
#TheGrahamNortonShow #TGNS https://t.co/NnYS15sU9p"
12,0.0,Mon Apr 09 12:31:27 +0000 2018,0.0,1.0,0.0,BBC,RT @bbccomedy: Philomena Cunk steps on board the first ship to circumcise the globe. #CunkOnBritain @missdianemorgan https://t.co/f1oHsolPHe
13,0.0,Mon Apr 09 12:28:16 +0000 2018,0.0,1.0,0.0,BBC,"üå≠üê∂ Over 1,500 people turned up to this mass sausage dog walk in Manchester yesterday. https://t.co/6fscMy6eZ7"
14,0.34,Mon Apr 09 12:14:30 +0000 2018,0.0,0.888,0.112,BBC,"RT @bbcsoutheast: You don't have to be married to take part in ""wife-carrying"". Fancy giving it a go? #Dorking #wifecarrying #wifecarryingu‚Ä¶"
15,0.6705,Mon Apr 09 12:12:54 +0000 2018,0.0,0.792,0.208,BBC,"RT @BBCnireland: As the days get longer, here are some #TightShorts tips on creating that naturally flawless, 'don't get seen, blend into t‚Ä¶"
16,0.0,Mon Apr 09 12:02:02 +0000 2018,0.0,1.0,0.0,BBC,Flipping the script on dyslexia. https://t.co/rW1FLygX9V
17,0.0,Mon Apr 09 11:50:07 +0000 2018,0.0,1.0,0.0,BBC,"RT @bbcthesocial: This is how homophobia feels in 2018.

#TimeForLove https://t.co/dHfsvt94Nz"
18,-0.2023,Mon Apr 09 11:27:01 +0000 2018,0.098,0.833,0.068,BBC,RT @BBCFOUR: How do you cope with stage fright when you're working at music's top level? Listen to the new #BBCYoungMusician podcast with @‚Ä¶
19,0.6757,Mon Apr 09 11:16:03 +0000 2018,0.083,0.649,0.268,BBC,"Love hurts, but this is a step too far...

üíç People are getting finger piercings instead of engagement rings.
üëâ‚Ä¶ https://t.co/eargluPvnC"
20,0.0,Mon Apr 09 10:41:24 +0000 2018,0.0,1.0,0.0,BBC,"üò¥üêª When the weather is so cold that you can't bear to get up. 
#MondayMorning https://t.co/JhfqRhL5fQ"
21,0.0,Mon Apr 09 08:56:59 +0000 2018,0.0,1.0,0.0,BBC,RT @BBCTwo: Every Saga must come to an end... #TheBridge https://t.co/YNyeMUM8A2
22,-0.3252,Mon Apr 09 08:40:53 +0000 2018,0.109,0.891,0.0,BBC,"RT @BBCRadio4: ""If a ¬£100 coat is half price, and you buy it, you haven't saved ¬£50 you've spent ¬£50.""
https://t.co/yKrYlW9jf6"
23,0.0,Mon Apr 09 08:01:01 +0000 2018,0.0,1.0,0.0,BBC,"üò≤üöÇ Hop onboard the train that (somehow) squeezes through a crowded market near Bangkok, eight times a day! https://t.co/htvLHtJdPH"
24,-0.3182,Mon Apr 09 07:27:04 +0000 2018,0.103,0.897,0.0,BBC,"The story of why the Roman Baths developed, how they were lost for many centuries and how they were rediscovered.‚Ä¶ https://t.co/zEzPchOgPO"
25,0.0,Mon Apr 09 07:00:14 +0000 2018,0.0,1.0,0.0,BBC,üè• How can #3DPrinting be of use in surgery? https://t.co/3LQkXMMHwo
26,0.0,Sun Apr 08 19:02:05 +0000 2018,0.0,1.0,0.0,BBC,"üò∫üí¶ This is Maya the jaguar's very first swim!  
#BigCatsAboutTheHouse https://t.co/IacZP3ltf3"
27,0.4939,Sun Apr 08 18:03:03 +0000 2018,0.0,0.686,0.314,BBC,üòÇ Need a hand getting the kids to bed? https://t.co/JAUkyoVSA8
28,0.25,Sun Apr 08 17:25:08 +0000 2018,0.088,0.765,0.147,BBC,"'Silencing masks' and 'wife auctions': What life used to be like for women. 
üëâ https://t.co/7Z1bcXKgOx https://t.co/gzm7Hf3loH"
29,0.0,Sun Apr 08 17:07:02 +0000 2018,0.0,1.0,0.0,BBC,"ü¶ñüòÇ Philomena Cunk examines the barbaric conditions in which we keep today's dinosaurs.
#CunkOnBritain  https://t.co/nBav5dqh7a"
30,0.0,Sun Apr 08 16:40:55 +0000 2018,0.0,1.0,0.0,BBC,"RT @bbcgetinspired: Meet Sue...

She is planning to run the 2018 @LondonMarathon to prove someone with vascular dementia can do it. üôå

‚û° ht‚Ä¶"
31,-0.2263,Sun Apr 08 16:07:03 +0000 2018,0.106,0.894,0.0,BBC,üé® Victoria Lomasko is a Russian graphic artist who's travelled up and down her country painting 'forgotten women'. https://t.co/XtlpBlAYb0
32,0.0,Sun Apr 08 15:31:00 +0000 2018,0.0,1.0,0.0,BBC,"üé∂ The search for the next Young Musician has begun, and the first @BBCYoungMus semi-finalist of 2018 has been confi‚Ä¶ https://t.co/klUA4GWtb0"
33,0.0,Sun Apr 08 15:11:04 +0000 2018,0.0,1.0,0.0,BBC,"'If boys are getting diagnosed with autism, girls need exactly the same.' https://t.co/f7Aft0LWwB"
34,-0.2023,Sun Apr 08 13:54:07 +0000 2018,0.189,0.811,0.0,BBC,üíÉüï∫ Meet the kids cutting some serious shapes on the streets of Lagos. https://t.co/3ySZPqua01
35,0.875,Sun Apr 08 13:23:39 +0000 2018,0.0,0.607,0.393,BBC,"RT @BBCSport: What a nice surprise üòçüíç

Two of @TeamEngland 's basketball players got engaged on court at the Commonwealths. 

Congrats @Jam‚Ä¶"
36,0.2732,Sun Apr 08 13:03:04 +0000 2018,0.0,0.488,0.512,BBC,üòÇ 'Surprise me'. https://t.co/Jo7illTafh
37,-0.0772,Sun Apr 08 11:00:15 +0000 2018,0.064,0.936,0.0,BBC,"When doctors found a large tumour on little Poppy‚Äôs brain, her parents faced one of the toughest decisions of their‚Ä¶ https://t.co/MGM0dpxlFH"
38,0.5859,Sun Apr 08 10:15:06 +0000 2018,0.0,0.787,0.213,BBC,"RT @BBCSport: Beauty queen ‚úÖ
Commonwealth Games weightlifting silver medallist ‚úÖ

Introducing Sarah Davies...

#GC2018 #bbcgoldcoast https:‚Ä¶"
39,0.3818,Sun Apr 08 10:01:07 +0000 2018,0.0,0.88,0.12,BBC,"From Ordeal by Innocence to the return of The Handmaid‚Äôs Tale, here are @BBC_Culture's pick of programmes to watch‚Ä¶ https://t.co/Q6S34uv5LX"
40,0.0,Sun Apr 08 09:08:02 +0000 2018,0.0,1.0,0.0,BBC,"ü¶çüí¨ Not only can Koko the gorilla use sign language, she also appears to have learnt to lie...

https://t.co/xXZwlLDLJh"
41,0.0,Sun Apr 08 08:17:18 +0000 2018,0.0,1.0,0.0,BBC,RT @BBCOne: .@johnkrasinski's got MOVES. #TheGrahamNortonShow #TGNS https://t.co/2HUMM0ixEW
42,0.6369,Sun Apr 08 08:08:07 +0000 2018,0.0,0.792,0.208,BBC,"Football, volleyball AND martial arts? Ô∏è‚öΩÔ∏èü•ãü§î

Sepak Takraw is the best sport you've never heard of... 

https://t.co/ngTwJHEmrI"
43,0.3612,Sun Apr 08 07:02:06 +0000 2018,0.0,0.783,0.217,BBC,üê≥ Meet the gargantuan air freighter that looks like a whale. https://t.co/7DPUt8okKU
44,0.5719,Sat Apr 07 18:00:22 +0000 2018,0.0,0.748,0.252,BBC,‚ù§Ô∏èüé∂ @NiallOfficial's Live Lounge cover of @JuliaMichaels' Issues is just perfect.  https://t.co/XpsnR29hPU
45,0.0,Sat Apr 07 17:19:26 +0000 2018,0.0,1.0,0.0,BBC,"RT @CBeebiesHQ: Goodnight @ChrisEvans,üåô 

Chris reads Goodnight Goodnight Construction site tonight. üèóÔ∏è 

#BedtimeStory is at 6:50pm üò¥üí§ htt‚Ä¶"
46,-0.7269,Sat Apr 07 17:04:03 +0000 2018,0.405,0.523,0.072,BBC,ü¶Åüò¢ Lions are often poisoned to prevent them attacking livestock. https://t.co/254nhtlMW5
47,0.6515,Sat Apr 07 16:00:23 +0000 2018,0.0,0.581,0.419,BBC,"üò≤ Some VERY impressive maths here. 
#UniversityChallenge https://t.co/crvQQ5V3Vn"
48,0.6908,Sat Apr 07 15:01:03 +0000 2018,0.0,0.759,0.241,BBC,Doctors are finding one way that sugar can benefit your health - it may help heal wounds resistant to antibiotics.‚Ä¶ https://t.co/zI9pN0zSVo
49,0.0,Sat Apr 07 14:33:46 +0000 2018,0.0,1.0,0.0,BBC,"RT @BBCRadio2: ""The clunk of putting the cassette in, snapping it shut... oh wait I'm going to rewind to get to the start of the song. It's‚Ä¶"
50,0.0,Sat Apr 07 14:00:31 +0000 2018,0.0,1.0,0.0,BBC,"üåéüì∏ Our pick of the most striking news photographs taken around the world recently.
üëâ https://t.co/zPpuZq9hOC https://t.co/fYUTrG44Ra"
51,-0.5719,Sat Apr 07 13:00:20 +0000 2018,0.222,0.778,0.0,BBC,How did this new mum survive in the chaos that followed Hurricane Maria? https://t.co/Nx7uFz1k56
52,-0.296,Sat Apr 07 12:07:08 +0000 2018,0.154,0.748,0.098,BBC,"For Dr Joel Salinas, music creates colours, numbers have personalities and another person's pain feels almost like‚Ä¶ https://t.co/lrGhiKBaGZ"
53,0.0,Sat Apr 07 11:19:19 +0000 2018,0.0,1.0,0.0,BBC,"RT @bbcthree: 94-year-old Judo Jack says: ""Get off your butt and do something."" https://t.co/M9CzCtwSqe"
54,0.0,Sat Apr 07 11:00:57 +0000 2018,0.0,1.0,0.0,BBC,RT @BBCR1: It's been one whole year of Sign Of The Times and we need to know whether @Harry_Styles finally let Chris Martin be head of his‚Ä¶
55,0.69,Sat Apr 07 11:00:18 +0000 2018,0.0,0.749,0.251,BBC,"What an inspiration! üí™ 

‚ù§Ô∏è Fraser shed the pounds to pursue his wrestling dream, in memory of his mother. https://t.co/LWmuGo6dTN"
56,0.0,Sat Apr 07 10:26:52 +0000 2018,0.0,1.0,0.0,BBC,"RT @BBCSport: It's a historic victory for Uganda! üôå 

Earlier today they recorded their first ever victory at the Commonwealth games with a‚Ä¶"
57,0.0,Sat Apr 07 10:05:06 +0000 2018,0.0,1.0,0.0,BBC,üçìüçí Did you know that cherries and strawberries represented the souls of men? Or that a dragonfly could be the devil‚Ä¶ https://t.co/s9rFhv5wlu
58,-0.8658,Sat Apr 07 09:00:12 +0000 2018,0.363,0.637,0.0,BBC,"Losing your hair whilst going through cancer treatment can be distressing. 

This shop decided to try and do someth‚Ä¶ https://t.co/mcOgFrRtdq"
59,0.0,Sat Apr 07 08:00:16 +0000 2018,0.0,1.0,0.0,BBC,üóëü§ñ This trash collecting robot can be controlled by anyone via the internet. https://t.co/N2gbeP2nIo
60,0.34,Sat Apr 07 07:54:05 +0000 2018,0.0,0.906,0.094,BBC,"RT @bbcgetinspired: 'Women don't just stay at home and look after the kids, we don't just do dance or gymnastics, we play tennis, football‚Ä¶"
61,0.4588,Sat Apr 07 07:03:06 +0000 2018,0.0,0.769,0.231,BBC,üòçüêø These baby red squirrels are too cute to handle. https://t.co/d2r7c8EyUh
62,0.0,Fri Apr 06 19:48:37 +0000 2018,0.0,1.0,0.0,BBC,"RT @bbcmusic: Jade, this was INCREDIBLE üòç
#SoundsLikeFridayNight https://t.co/rSGnYVTFYu"
63,0.0,Fri Apr 06 18:07:07 +0000 2018,0.0,1.0,0.0,BBC,ü§î Modern life is a mystery. https://t.co/a4817Iugzz
64,0.0,Fri Apr 06 17:32:05 +0000 2018,0.0,1.0,0.0,BBC,"Tune in to #SLFN tonight for performances from @snowpatrol, @Meghan_Trainor, @yearsandyears and @halsey. üé∂üé§üéâ

Sound‚Ä¶ https://t.co/EFjiBk5upm"
65,0.0,Fri Apr 06 16:13:08 +0000 2018,0.0,1.0,0.0,BBC,RT @bbcpointswest: ü§© Prince Harry and Meghan Markle arrive in Bath for the Invictus Games trials ü§© https://t.co/ywlHvaHt2z
66,-0.1531,Fri Apr 06 16:08:04 +0000 2018,0.124,0.78,0.096,BBC,"üòÇ If you're going to get dumped on TV, it might as well be via @KylieMinogue. 

#TheGNShow | 10.35pm | @BBCOne https://t.co/CgfsjKjeob"
67,-0.7777,Fri Apr 06 16:02:36 +0000 2018,0.332,0.621,0.047,BBC,"RT @BBCNewsround: Ever wondered why we cry when we chop onions? Now you'll have no excuse to avoid cooking dinner, sorry! üòÇhttps://t.co/SyX‚Ä¶"
68,0.6037,Fri Apr 06 15:23:45 +0000 2018,0.0,0.64,0.36,BBC,"RT @BBCOne: MY OLD FRIEND.

#OrdealByInnocence #Sunshine https://t.co/vQBvcgLrCe"
69,0.8126,Fri Apr 06 15:22:01 +0000 2018,0.0,0.72,0.28,BBC,"üéª Two years ago @ShekuKM won @BBCYoungMus. 
Now he wants to inspire other young people to pick up an instrument too‚Ä¶ https://t.co/fG0F3x2eDN"
70,0.0,Fri Apr 06 15:20:18 +0000 2018,0.0,1.0,0.0,BBC,"RT @bbcgetinspired: She's only 11 years old, but @sport_wales' Anna Hursey is smashing it at #GC2018! üôå 

‚û° https://t.co/9sFYGzsgnQ #GetIns‚Ä¶"
71,0.0,Fri Apr 06 15:02:33 +0000 2018,0.0,1.0,0.0,BBC,RT @bbcmusic: Counting down the seconds TBH üíÖ@LittleMix https://t.co/6UTrz9gqQr
72,0.5499,Fri Apr 06 15:02:05 +0000 2018,0.282,0.332,0.385,BBC,üçûüçª Hate food waste but love beer? https://t.co/IL9jmlaMjs
73,-0.5849,Fri Apr 06 14:30:39 +0000 2018,0.31,0.559,0.13,BBC,"RT @BBCRadio3: ""Stop being so selfish ‚Äì this isn‚Äôt about you."" Harsh words - or tough love?
Zeynep, Jess and Sam discuss one teacher‚Äôs cont‚Ä¶"
74,0.0,Fri Apr 06 14:07:06 +0000 2018,0.0,1.0,0.0,BBC,"üêò ü¶èü¶íüî≠
Saving animals using space technology. https://t.co/gAwJcD2I2A"
75,-0.4215,Fri Apr 06 13:02:05 +0000 2018,0.171,0.741,0.088,BBC,"üçøüéü From a near-silent horror film to an Australian Western, here are 8 movies worth watching in April. 
üëâ‚Ä¶ https://t.co/b15kbsQ7MD"
76,0.0,Fri Apr 06 12:18:09 +0000 2018,0.0,1.0,0.0,BBC,RT @BBCOne: For all the drama queens. üëë https://t.co/RfdMDieaCZ
77,0.2023,Fri Apr 06 12:03:05 +0000 2018,0.0,0.899,0.101,BBC,üíÉüï∫ Meet the dancers from Lagos who've been tipped for the top by @Rihanna and @NaomiCampbell. https://t.co/3ySZPqcyBr
78,0.8617,Fri Apr 06 11:32:15 +0000 2018,0.0,0.689,0.311,BBC,"RT @BBCSport: Gareth Evans absolutely loved it! üí™ 

This is how it felt to win Wales' first gold! ü•áüè¥Û†ÅßÛ†Å¢Û†Å∑Û†Å¨Û†Å≥Û†Åø

#GC2018 #bbcgoldcoast https://t‚Ä¶"
79,0.0,Fri Apr 06 11:00:06 +0000 2018,0.0,1.0,0.0,BBC,"ü¶Åü¶èüêÜ 
Royal pets are now more synonymous with corgis than wild animals, but historically monarchs would own an array‚Ä¶ https://t.co/5VVyiWHPv1"
80,0.0,Fri Apr 06 10:10:03 +0000 2018,0.0,1.0,0.0,BBC,"üòª Say hello to Willow the cheetah! 
#BigCatsAboutTheHouse https://t.co/e9xNVjR0gi"
81,0.0,Fri Apr 06 08:58:33 +0000 2018,0.0,1.0,0.0,BBC,RT @BBCSport: It all happened in the weightlifting... #GC2018 https://t.co/s8qnPsuyaz
82,0.0,Fri Apr 06 08:30:51 +0000 2018,0.0,1.0,0.0,BBC,RT @BBCBreakfast: All you need to know about the 'sugar tax' and how your favourite soft drink may change. https://t.co/mjFwTN1UHs
83,0.25,Fri Apr 06 08:08:50 +0000 2018,0.0,0.905,0.095,BBC,RT @bbcpress: üì∏ #FirstLook at Eleanor Tomlinson and Rafe Spall in @BBCOne adaptation of H.G. Wells' #WarOfTheWorlds as filming begins: http‚Ä¶
84,0.0,Fri Apr 06 08:00:17 +0000 2018,0.0,1.0,0.0,BBC,"üò≤üé®üáøüá¶ Hotel or modern art museum?
#AmazingHotels https://t.co/Xbmjzviivh"
85,0.4579,Fri Apr 06 07:00:09 +0000 2018,0.067,0.779,0.154,BBC,"It might not always feel like it, but psychologist @sapinker is convinced that the world is on the up. https://t.co/a8PrDXjDcL"
86,-0.6908,Thu Apr 05 20:02:00 +0000 2018,0.217,0.783,0.0,BBC,"'There‚Äôs the England before Stephen, and there‚Äôs the England after Stephen.' 

Stephen: The Murder That Changed a N‚Ä¶ https://t.co/BLynBXYH7I"
87,0.7096,Thu Apr 05 18:00:24 +0000 2018,0.0,0.629,0.371,BBC,"üêÜ Could building walkways in nature help save these big cats?
#BigCatsAboutTheHouse https://t.co/NdkxCDBpee"
88,0.0,Thu Apr 05 17:02:05 +0000 2018,0.0,1.0,0.0,BBC,"üòãüòã Pocket-friendly recipes for two.
üëâ https://t.co/CzuDNQNw3B https://t.co/xbrrmlIgNF"
89,-0.765,Thu Apr 05 16:00:17 +0000 2018,0.32,0.68,0.0,BBC,"üëÄ From illegal ivory to taxidermy, take a peek inside the banned wildlife room at Heathrow Airport. https://t.co/8yIok0eobX"
90,0.0,Thu Apr 05 15:55:28 +0000 2018,0.0,1.0,0.0,BBC,RT @bbccomedy: Smithy is an irl ray of #sunshine. https://t.co/NgA4t4jZob
91,0.0,Thu Apr 05 14:34:17 +0000 2018,0.0,1.0,0.0,BBC,"RT @BBCTheOneShow: ..@DIYSOS  are building a gym and community area for the Grenfell community, but @MrNickKnowles needs something specific‚Ä¶"
92,0.0028,Thu Apr 05 12:59:08 +0000 2018,0.118,0.724,0.159,BBC,"RT @bbcmusic: STOP EVERYTHING: @GaryBarlow is coming to Sounds Like Friday Night üôåüí™ 
Don't miss it: 7.30pm, Friday, @BBCOne üí´#SLFN https://‚Ä¶"
93,0.4588,Thu Apr 05 12:37:24 +0000 2018,0.0,0.75,0.25,BBC,"RT @BBCOne: You took your sweet time. 

#Poldark #sunshine https://t.co/Ep33Zt5YZi"
94,-0.2263,Thu Apr 05 11:56:05 +0000 2018,0.119,0.881,0.0,BBC,"It's time society stopped judging black women by their hair, British-Somali artist @blackpowerpufff says.‚Ä¶ https://t.co/lRmAfxmefR"
95,0.0,Thu Apr 05 11:01:08 +0000 2018,0.0,1.0,0.0,BBC,üìö A biography about conjoined twins from Siam who became US slave-owners + 9 other books to bury your nose in this‚Ä¶ https://t.co/1UfP6LTH0i
96,0.0,Thu Apr 05 10:26:16 +0000 2018,0.0,1.0,0.0,BBC,RT @BBCSport: Scotland's Hannah Miley takes the silver in the women's 400m individual medley! ü•à https://t.co/GrailyYrno #bbcgoldcoast https‚Ä¶
97,0.4215,Thu Apr 05 10:22:47 +0000 2018,0.0,0.797,0.203,BBC,üòçüêø A trio of baby red squirrels have been rescued in Perthshire.  https://t.co/d2r7c8EyUh
98,0.6027,Thu Apr 05 10:03:28 +0000 2018,0.0,0.843,0.157,BBC,"RT @BBCBreakfast: Some GOOD plastic news!
Marine conservationists say the 5p carrier bag charge has reduced the amount of single use plasti‚Ä¶"
99,0.0,Thu Apr 05 09:55:45 +0000 2018,0.0,1.0,0.0,BBC,"RT @BBCRadio2: What happens when you put one harp, three fiddles, and the cream of the folk world in one room?

We brought together @elizac‚Ä¶"
100,0.0,Mon Apr 09 17:29:47 +0000 2018,0.0,1.0,0.0,CBS,"@edsheeran, @KeshaRose, @HaileeSteinfeld, @ActuallyNPH, and many more describe the impact that the music of Elton J‚Ä¶ https://t.co/wBwzWcWGAa"
101,0.0,Mon Apr 09 17:00:02 +0000 2018,0.0,1.0,0.0,CBS,"Lights will come on for @Jason_Aldean when he takes the stage to perform at the 53rd #ACMawards on Sunday, April 15‚Ä¶ https://t.co/qPAbrFp4kQ"
102,0.2732,Mon Apr 09 15:00:00 +0000 2018,0.086,0.784,0.129,CBS,Which state does @reba call home and which song was her first No. 1 single? Test your knowledge of the beloved coun‚Ä¶ https://t.co/Sp8icKpFNu
103,0.6239,Mon Apr 09 13:36:00 +0000 2018,0.0,0.786,0.214,CBS,This just in! Thirteen-time ACM Award¬Æ winner @carrieunderwood will be performing her soon-to-be-released single li‚Ä¶ https://t.co/GEyjt4lFbb
104,0.6467,Mon Apr 09 01:42:06 +0000 2018,0.0,0.72,0.28,CBS,It's time to celebrate! @MomCBS will be back for Season 6! https://t.co/ianxp6JWHq
105,0.7096,Sun Apr 08 22:00:01 +0000 2018,0.0,0.742,0.258,CBS,@OldDominion's Matthew Ramsey is here with a friendly reminder - Country Music‚Äôs Party Of The Year¬Æ is just seven d‚Ä¶ https://t.co/SFnXxQLoPN
106,0.5562,Sun Apr 08 18:38:13 +0000 2018,0.0,0.854,0.146,CBS,It all comes down to this! Stream Round 4 of #TheMasters Tournament on CBS live with a free trial of CBS All Access‚Ä¶ https://t.co/mNFSAUkLvZ
107,0.4199,Sun Apr 08 15:00:00 +0000 2018,0.0,0.892,0.108,CBS,"@reba is ready for her hosting duties! In just one week, watch her take the stage at the 53rd #ACMawards. Tune in A‚Ä¶ https://t.co/TmjezmqPme"
108,0.6696,Sat Apr 07 19:35:08 +0000 2018,0.0,0.817,0.183,CBS,Watch some of the biggest names in golf compete in one of the greatest tournaments of the year! Stream #TheMasters‚Ä¶ https://t.co/e8kbkSLx5k
109,0.0,Sat Apr 07 18:28:03 +0000 2018,0.0,1.0,0.0,CBS,Tonight's the night! Here's a behind-the-scenes look at season 2 of @RansomCBS before the big premiere. Tune in at‚Ä¶ https://t.co/WtRHvufO7H
110,0.3612,Sat Apr 07 16:30:02 +0000 2018,0.0,0.894,0.106,CBS,What song will @DierksBentley belt out when he takes the stage to perform at the 53rd #ACMawards? Get ready to sing‚Ä¶ https://t.co/oEtKJnKQVn
111,0.0,Sat Apr 07 15:31:12 +0000 2018,0.0,1.0,0.0,CBS,"@johnlegend, @mirandalambert, @KeshaRose, and more perform @eltonofficial's hit songs! Watch Elton John: I'm Still‚Ä¶ https://t.co/VF3hf8OCT7"
112,0.0,Fri Apr 06 21:10:18 +0000 2018,0.0,1.0,0.0,CBS,Ask 53rd ACM Awards¬Æ host @reba a question and she just may answer it on April 11 at 5:30p ET/2:30p PT when she tak‚Ä¶ https://t.co/DAa5gQS8oX
113,0.0,Fri Apr 06 17:00:00 +0000 2018,0.0,1.0,0.0,CBS,What‚Äôs @eltonofficial's birth name and which of his songs holds the record for biggest selling single of all time?‚Ä¶ https://t.co/N5qkMYCE7e
114,0.0,Fri Apr 06 13:45:00 +0000 2018,0.0,1.0,0.0,CBS,Do you have a question for country music legend and host of the 53rd ACM Awards¬Æ @reba? Write it below for a chance‚Ä¶ https://t.co/yVVDVFpxDM
115,0.5859,Thu Apr 05 21:44:00 +0000 2018,0.0,0.806,0.194,CBS,How well do you know The Academy of Country Music Awards‚Ñ¢? Test your knowledge of Country Music‚Äôs Party of the Year‚Ä¶ https://t.co/lfWAcvAbZa
116,0.6597,Thu Apr 05 19:07:48 +0000 2018,0.0,0.759,0.241,CBS,"RT @CodeBlackCBS: The intensity and emotions of your favorite show are returning to @CBS in 3 weeks.

Get excited. https://t.co/aGUNIPwRjh"
117,-0.3875,Thu Apr 05 17:00:00 +0000 2018,0.157,0.769,0.074,CBS,"Don't miss @littlebigtown's amazing performance of @eltonofficial's ""Rocket Man"" under the big spotlight at Elton J‚Ä¶ https://t.co/bqse7nhkV3"
118,0.807,Wed Apr 04 22:07:01 +0000 2018,0.0,0.687,0.313,CBS,Today's biggest stars are celebrating @EltonJohn's most beloved and legendary catalogue of hits with two albums dro‚Ä¶ https://t.co/cilUdkKtjQ
119,0.7568,Wed Apr 04 21:48:07 +0000 2018,0.0,0.712,0.288,CBS,"RT @LifeInPiecesCBS: We ""literally can't even"" with how hilarious these #LifeInPieces outtakes are! üòÇ

Introducing Laughing To Pieces! Foll‚Ä¶"
120,0.8495,Wed Apr 04 21:47:26 +0000 2018,0.0,0.634,0.366,CBS,"RT @YoungSheldon: Don't miss guest star @Followtheblonde in tomorrow's all-new #YoungSheldon! Trust us, you're going to love every minute.‚Ä¶"
121,0.4926,Wed Apr 04 21:46:13 +0000 2018,0.0,0.803,0.197,CBS,RT @MomCBS: Tomorrow's episode of #Mom is going to be a doggone good one! https://t.co/e1WI3uOxVg
122,-0.3182,Wed Apr 04 21:44:17 +0000 2018,0.095,0.905,0.0,CBS,RT @survivorcbs: There's a lot at stake when competing for actual steak. Get a glimpse at an all-new #Survivor: Ghost Island at 8/7c on CBS‚Ä¶
123,-0.25,Wed Apr 04 18:02:13 +0000 2018,0.133,0.867,0.0,CBS,RT @TVLine: #LifeInPieces Sneak Peek: Sophia and Her Stuffed Toys Stage a Musical¬†Protest https://t.co/r16SLZlZPc
124,0.0,Tue Apr 03 23:00:00 +0000 2018,0.0,1.0,0.0,CBS,Whose catchy tune will take Song Of The Year at the 53rd #ACMawards? Give it up for the four nominees -‚Ä¶ https://t.co/R9MtUNZtsw
125,0.0,Tue Apr 03 21:00:02 +0000 2018,0.0,1.0,0.0,CBS,"Here's everything you need to know before tuning into Elton John: I'm Still Standing - A GRAMMY¬Æ Salute on Tuesday,‚Ä¶ https://t.co/C8fiKl4j98"
126,0.7096,Tue Apr 03 18:00:00 +0000 2018,0.0,0.742,0.258,CBS,"In just one week, @eltonofficial and today's hottest stars in music will join together to celebrate Elton's countle‚Ä¶ https://t.co/ACQGHNWz8u"
127,0.7906,Tue Apr 03 05:17:01 +0000 2018,0.0,0.579,0.421,CBS,Tonight we #LightItUpBlue for greater understanding and acceptance. CBS supports #WorldAutismAwarenessDay by lighti‚Ä¶ https://t.co/hBAXcDvP4r
128,0.1513,Mon Apr 02 17:30:00 +0000 2018,0.092,0.792,0.116,CBS,No one does it quite like @eltonofficial. The artist himself will belt out some of his chart-topping hits on Elton‚Ä¶ https://t.co/ckY4bUvTXI
129,0.6486,Sun Apr 01 17:00:03 +0000 2018,0.0,0.798,0.202,CBS,The Las Vegas strip is about to light up brighter than ever before when Country Music‚Äôs Party Of The Year¬Æ takes ov‚Ä¶ https://t.co/j1A2ZVHAoO
130,0.0,Sat Mar 31 18:00:00 +0000 2018,0.0,1.0,0.0,CBS,"‚ÄúIf you don‚Äôt do something about it, then who are you? ‚Ä¶ It can happen to anyone.‚Äù - @aplusk 

Tonight at 10/9c, a‚Ä¶ https://t.co/EQabNc1UZI"
131,0.4199,Sat Mar 31 15:30:00 +0000 2018,0.0,0.887,0.113,CBS,Give it up for @KelseaBallerini! This star is one of the Female Vocalist Of The Year nominees and she's ready to ta‚Ä¶ https://t.co/wLyHwkEGs2
132,0.4926,Fri Mar 30 16:50:00 +0000 2018,0.0,0.873,0.127,CBS,Take and post a photo of the woman in your life who inspires you! The photo should only have one person against a n‚Ä¶ https://t.co/BHdxXlWfKP
133,0.0,Thu Mar 29 17:32:40 +0000 2018,0.0,1.0,0.0,CBS,"Expect epic performances by @kanebrown , @kelly_clarkson, @OfficialJackson, and more at this year's 53rd #ACMawards‚Ä¶ https://t.co/3yso7Z0cjv"
134,0.0,Thu Mar 29 17:30:02 +0000 2018,0.0,1.0,0.0,CBS,"Will @HIGHVALLEY, @LancoMusic, @LOCASHmusic, @MidlandOfficial, or @runawayjune be named New Vocal Duo Or Group Of T‚Ä¶ https://t.co/v0QIPLC47R"
135,0.3818,Tue Mar 27 21:00:01 +0000 2018,0.108,0.68,0.212,CBS,Count on Entertainer Of The Year nominee @LukeBryanOnline to crash the party with an epic performance at the 53rd‚Ä¶ https://t.co/27ua60HTqu
136,0.296,Tue Mar 27 17:00:00 +0000 2018,0.0,0.901,0.099,CBS,Join @eltonofficial and some of today's hottest names in music when they take the stage to perform his most memorab‚Ä¶ https://t.co/jz0jaShZIj
137,0.508,Mon Mar 26 22:14:25 +0000 2018,0.0,0.88,0.12,CBS,"RT @ACMawards: The ACM for New Vocal Group of the Year goes to @MidlandOfficial! And yes, that really was @Reba on the phone! #ACMawards ht‚Ä¶"
138,0.0,Mon Mar 26 20:42:48 +0000 2018,0.0,1.0,0.0,CBS,"RT @ACMawards: In case you didn‚Äôt know, the ACM for New Male Vocalist of the Year goes to @BrettYoungMusic. Check out his reaction when @Re‚Ä¶"
139,0.7959,Mon Mar 26 16:59:19 +0000 2018,0.0,0.786,0.214,CBS,RT @ACMawards: Over the weekend @Reba called the ACM New Artist of the Year winners to let them know they had won! Let‚Äôs just say our New F‚Ä¶
140,0.807,Mon Mar 26 16:05:18 +0000 2018,0.0,0.622,0.378,CBS,"Congratulations to the 53rd #ACMawards New Artist winners @Lauren_Alaina, @MidlandOfficial, and @BrettYoungMusic! W‚Ä¶ https://t.co/Fr8H4arwGj"
141,0.0,Sun Mar 25 23:57:34 +0000 2018,0.0,1.0,0.0,CBS,New start times in East/Central Time Zones #60Minutes 7:35ET/6:35CT #Instinct  8:35ET/7:35CT #NCISLA 9:35ET/8:35CT‚Ä¶ https://t.co/8W5hAeLrvs
142,0.5319,Sun Mar 25 17:15:25 +0000 2018,0.062,0.78,0.157,CBS,Don‚Äôt miss a minute of the action. Stream the¬†Elite Eight¬Æ¬†games LIVE today starting at 2PM ET with a FREE trial of‚Ä¶ https://t.co/8NwU8HdiHR
143,0.5399,Sat Mar 24 22:46:53 +0000 2018,0.0,0.801,0.199,CBS,RT @MomCBS: That's a wrap on the #Mom panel at #PaleyFest! Thanks for following along! https://t.co/we4JgqPt6P
144,-0.34,Sat Mar 24 22:46:43 +0000 2018,0.185,0.7,0.115,CBS,RT @MomCBS: A fan just commented that #Mom helped bring him out of a deep depression. üíúüíúüíú #PaleyFest
145,0.7003,Sat Mar 24 22:25:03 +0000 2018,0.0,0.791,0.209,CBS,"RT @MomCBS: ""Go out for it anyway. If you're good for the role, you're good for the role."" @theJaimePressly's advice for aspiring actors wi‚Ä¶"
146,0.0,Sat Mar 24 22:21:37 +0000 2018,0.0,1.0,0.0,CBS,RT @MomCBS: Mom Co-Creator @GemmaRBaker just pointed out her own #Mom in the audience at #PaleyFest! üíú
147,0.0,Sat Mar 24 22:21:34 +0000 2018,0.0,1.0,0.0,CBS,"RT @MomCBS: ""I'm not someone in recovery who goes to AA, but I have taken so much away from it...to take one day at a time."" - @theJaimePre‚Ä¶"
148,0.7184,Sat Mar 24 22:21:26 +0000 2018,0.0,0.667,0.333,CBS,"RT @MomCBS: ""You get to appreciate working with such talented people."" - @AnnaKFaris #Mom #PaleyFest"
149,0.9451,Sat Mar 24 22:21:23 +0000 2018,0.0,0.58,0.42,CBS,RT @MomCBS: ‚ÄúI love this job. I love working with these women. I love working in front of the live audience‚Ä¶ It‚Äôs alive and it‚Äôs fun.‚Äù - @A‚Ä¶
150,0.0,Sat Mar 24 20:00:02 +0000 2018,0.0,1.0,0.0,CBS,"Get on your feet for @Jason_Aldean, @ThomasRhett, @ChrisStapleton, @KeithUrban, and @ChrisYoungMusic, the five nomi‚Ä¶ https://t.co/oT5ogjdj4x"
151,0.6996,Fri Mar 23 22:33:52 +0000 2018,0.0,0.806,0.194,CBS,Get ready for some sweet games! Stream #5 Clemson vs #1 Kansas LIVE at 7PM ET and #11 Syracuse vs #2 Duke LIVE at 9‚Ä¶ https://t.co/4WstgrKNnW
152,0.4939,Fri Mar 23 22:33:04 +0000 2018,0.0,0.686,0.314,CBS,RT @SEALTeamCBS: In honor of #NationalPuppyDay... üòç #SEALTeam https://t.co/4mIZPpiRlU
153,0.8997,Fri Mar 23 22:32:48 +0000 2018,0.0,0.645,0.355,CBS,"RT @HawaiiFive0CBS: Nothing like a man and his dog! üòçüê∂ Happy #NationalPuppyDay to Eddie, the best pup on the Five-0 Task Force! #H50 https:‚Ä¶"
154,0.0,Thu Mar 22 22:10:29 +0000 2018,0.0,1.0,0.0,CBS,Game on! 16 teams left and the race to the finish continues tonight. Stream #11 Loyola-Chicago vs #7 Nevada LIVE at‚Ä¶ https://t.co/W374rmzzoC
155,0.7081,Thu Mar 22 20:52:02 +0000 2018,0.066,0.623,0.311,CBS,Save the date! These are season finales you do NOT want to miss. RT if you're excited! https://t.co/UUQoWsPPSh https://t.co/cDl4WmxMtU
156,0.636,Thu Mar 22 00:23:38 +0000 2018,0.0,0.802,0.198,CBS,Congratulations to all of the @CBSDaytime nominees for the #DaytimeEmmys! See the full list of #DaytimeEmmy nominee‚Ä¶ https://t.co/ivJVJWvfsf
157,0.0,Wed Mar 21 18:00:01 +0000 2018,0.0,1.0,0.0,CBS,Female Vocalist Of The Year nominee @MarenMorris will show her fans how it‚Äôs done when she takes the stage to showc‚Ä¶ https://t.co/PITjmAoFT8
158,0.5106,Tue Mar 20 20:00:01 +0000 2018,0.0,0.858,0.142,CBS,The legendary @Reba returns to host the 53rd #ACMawards and she‚Äôs proving just how comfortable she is behind the mi‚Ä¶ https://t.co/XPXcSPRXqC
159,0.0,Tue Mar 20 17:58:43 +0000 2018,0.0,1.0,0.0,CBS,RT @nancyodell: Told my daughter I'd be presenting at @ACMawards again this year. (Woot woot!We both luv country music!)She took this pic o‚Ä¶
160,0.5562,Tue Mar 20 16:52:42 +0000 2018,0.0,0.826,0.174,CBS,RT @ladyantebellum: Ecstatic to announce we'll be performing at the #ACMawards in Las Vegas again this year! https://t.co/Qfhs94j6FR
161,0.0,Tue Mar 20 16:11:00 +0000 2018,0.0,1.0,0.0,CBS,"Country superstars @kennychesney, @ladyantebellum, @blakeshelton, and @KeithUrban have just been added to the stell‚Ä¶ https://t.co/bJ4If7MacP"
162,0.7845,Mon Mar 19 21:02:26 +0000 2018,0.072,0.619,0.309,CBS,"RT @YandR_CBS: Forever evolving, Forever inspiring, Forever Young and Restless. ‚ù§Ô∏è Get ready to celebrate 45 years of #YR starting in just‚Ä¶"
163,0.0,Sun Mar 18 23:44:30 +0000 2018,0.0,1.0,0.0,CBS,New start times in East/Central Time Zones: #60Minutes 7:37ET/6:37CT #Instinct series premiere 8:37ET/7:37CT‚Ä¶ https://t.co/xT3YKqmu2M
164,0.6514,Sun Mar 18 18:05:43 +0000 2018,0.0,0.787,0.213,CBS,Spend your Sunday streaming Second Round games LIVE with a FREE trial of CBS All Access! https://t.co/3P85rXLy4b https://t.co/zbWfirD9Ju
165,0.1867,Sun Mar 18 17:09:53 +0000 2018,0.0,0.92,0.08,CBS,"RT @instinctcbs: TONIGHT, Dr. Dylan Reinhart rewrites the book on abnormal behavior. Don't miss the premiere of #Instinct at 8/7c! https://‚Ä¶"
166,0.0,Sat Mar 17 19:00:02 +0000 2018,0.0,1.0,0.0,CBS,"If any duo knows how to rock the stage, it's @FLAGALine. The Vocal Duo Of The Year nominee will perform live at the‚Ä¶ https://t.co/FknabB8NQp"
167,0.6166,Sat Mar 17 17:42:43 +0000 2018,0.0,0.839,0.161,CBS,How is your bracket looking after last night? Stream Second Round games LIVE today with a FREE trial of CBS All Acc‚Ä¶ https://t.co/25JlIpgwog
168,0.7096,Sat Mar 17 14:00:03 +0000 2018,0.0,0.753,0.247,CBS,Where better to spend #StPatricksDay than the place everybody knows your name? It‚Äôs just your luck that every singl‚Ä¶ https://t.co/Fom5wmdENL
169,0.296,Fri Mar 16 22:53:21 +0000 2018,0.0,0.896,0.104,CBS,Stars @JakeMcDorman and Nik Dodani will join the cast in the upcoming revival of Murphy Brown coming to CBS.‚Ä¶ https://t.co/JCAx29lo0i
170,0.0,Fri Mar 16 18:15:53 +0000 2018,0.0,1.0,0.0,CBS,"RT @thegoodfight: Go behind the scenes with costume designer @DanLawsonStyle in ""Behind The Style,"" a new weekly video series all about the‚Ä¶"
171,0.6514,Fri Mar 16 16:28:40 +0000 2018,0.0,0.822,0.178,CBS,The games have just begun! Continue to stream First Round games LIVE today with a FREE trial of CBS All Access:‚Ä¶ https://t.co/YTGsJ48zYP
172,0.7088,Thu Mar 15 17:54:06 +0000 2018,0.0,0.763,0.237,CBS,"RT @TheTalkCBS: You asked, we answered! The fun never ends when the ladies #KeepTalking and answer your fan questions üó£üí¨‚û°Ô∏è https://t.co/ie1‚Ä¶"
173,-0.4939,Thu Mar 15 17:20:26 +0000 2018,0.157,0.766,0.077,CBS,RT @instinctcbs: Dr. Dylan Reinhart is lured back into the field from his life of quiet academia when a certain serial killer makes things‚Ä¶
174,0.6514,Thu Mar 15 16:42:41 +0000 2018,0.0,0.806,0.194,CBS,Stream First Round games LIVE today starting at 12PM ET with a FREE trial of CBS All Access! https://t.co/3P85rXLy4b https://t.co/vZow3YD8cb
175,0.6115,Thu Mar 15 14:32:16 +0000 2018,0.0,0.734,0.266,CBS,RT @CBSSports: It's the most wonderful time of the year. #MarchMadness https://t.co/e4c9qohqSR
176,0.6696,Wed Mar 14 19:30:01 +0000 2018,0.0,0.781,0.219,CBS,"Give these ladies some love! @Lauren_Alaina, @DBradbery, @carlypearce, and @RaeLynn are nominated for New Female Vo‚Ä¶ https://t.co/IVhwURfJ3S"
177,0.3612,Tue Mar 13 18:48:52 +0000 2018,0.0,0.857,0.143,CBS,"RT @ManWithAPlan: Hungry for more #ManWithAPlan bloopers and behind-the-scenes videos featuring cast like @matt_leblanc, @thelizasnyder, @k‚Ä¶"
178,0.539,Tue Mar 13 14:15:10 +0000 2018,0.0,0.821,0.179,CBS,"Music stars @MileyCyrus, @edsheeran, @ladygaga, and more will honor the legendary @eltonofficial and his hit songs‚Ä¶ https://t.co/UzxARCCLnI"
179,0.2244,Mon Mar 12 18:13:28 +0000 2018,0.0,0.917,0.083,CBS,RT @thegoodfight: The verdict is in. The new season of #TheGoodFight is üî•üî•üî•! Stream it now on CBS All Access: https://t.co/FkYSNSXlRb https‚Ä¶
180,0.0,Mon Mar 12 01:20:43 +0000 2018,0.0,1.0,0.0,CBS,"RT @MadamSecretary: In less than an hour, #MadamSecretary's Keith Carradine will be taking over the @MadamSecretary Twitter page! Tweet alo‚Ä¶"
181,0.4926,Fri Mar 09 22:48:26 +0000 2018,0.0,0.883,0.117,CBS,RT @DierksBentley: Take and post a photo of the woman in your life who inspires you daily! Use the hashtag #WomanAmenACM in your post for a‚Ä¶
182,0.1275,Fri Mar 09 22:24:20 +0000 2018,0.092,0.795,0.113,CBS,"RT @MomCBS: If you missed guest star @KChenoweth in the latest episode of #Mom, not to worry! Watch now: https://t.co/RlvXoGOZ0l https://t.‚Ä¶"
183,0.4215,Fri Mar 09 21:10:21 +0000 2018,0.0,0.823,0.177,CBS,"Give a round of applause to @KelseaBallerini, @MirandaLambert, @Reba, @MarenMorris, and @CarrieUnderwood, the five‚Ä¶ https://t.co/Ncp1BTXx6N"
184,0.8658,Fri Mar 09 18:27:28 +0000 2018,0.0,0.553,0.447,CBS,"RT @thegoodfight: Smart, sexy, and sophisticated. See what's coming this season on #TheGoodFight. https://t.co/CuKhx2G50P https://t.co/ygTI‚Ä¶"
185,0.0,Fri Mar 09 16:02:27 +0000 2018,0.0,1.0,0.0,CBS,RT @BlueBloods_CBS: Even stand-up guys fall down sometimes. #BlueBloods is new tonight at 10/9c! https://t.co/UOlDm22wWW
186,0.8625,Thu Mar 08 18:00:49 +0000 2018,0.0,0.664,0.336,CBS,Today and every day we celebrate the women in our lives who empower and inspire us. Share a story about an¬†influent‚Ä¶ https://t.co/9rVtqrElvT
187,0.4926,Thu Mar 08 17:03:04 +0000 2018,0.0,0.868,0.132,CBS,Take and post a photo of the woman in your life who inspires you daily! Use the hashtag #WomanAmenACM in your post‚Ä¶ https://t.co/7ShhvE48zy
188,-0.2023,Wed Mar 07 18:39:10 +0000 2018,0.23,0.619,0.15,CBS,"RT @thegoodfight: Meticulously constructed. Soapy &amp; sexy. Intoxicating, savage television. üî• Here's what critics are saying about #TheGoodF‚Ä¶"
189,0.0,Wed Mar 07 17:06:02 +0000 2018,0.0,1.0,0.0,CBS,"This just in! @Jason_Aldean, @mirandalambert, @LukeBryanOnline, and many more are set to perform at the 53rd Academ‚Ä¶ https://t.co/mfxw2VxzU4"
190,0.6705,Tue Mar 06 18:10:59 +0000 2018,0.0,0.756,0.244,CBS,"Meet the ensemble of talented actors slated to join $1, a new mystery series coming to CBS All Access:‚Ä¶ https://t.co/QoyYv7vxwg"
191,0.3818,Mon Mar 05 22:16:43 +0000 2018,0.0,0.833,0.167,CBS,"Will @Jason_Aldean, @garthbrooks, @LukeBryanOnline, @ChrisStapleton, or @KeithUrban be named Entertainer Of The Yea‚Ä¶ https://t.co/rMD8zjeX3s"
192,0.4404,Sun Mar 04 08:05:26 +0000 2018,0.0,0.884,0.116,CBS,"RT @thegoodfight: It feels good to be back. üë†üíÑüî• The season 2 premiere of #TheGoodFight is now streaming, exclusively on CBS All Access: htt‚Ä¶"
193,0.0,Sat Mar 03 20:55:20 +0000 2018,0.0,1.0,0.0,CBS,"RT @thegoodfight: Tomorrow, #TheGoodFight is back. Stream the season 2 premiere only on CBS All Access: https://t.co/tNFR8LBJO2 https://t.c‚Ä¶"
194,0.7096,Fri Mar 02 22:30:01 +0000 2018,0.0,0.753,0.247,CBS,"Who are the trailblazing women in your life that inspire you? Join CBS and the ANA's #SeeHer initiative, celebratin‚Ä¶ https://t.co/M0KqZ41Bes"
195,0.7096,Fri Mar 02 20:30:01 +0000 2018,0.0,0.718,0.282,CBS,"Join @maria_bello, @aishatyler and @TeaLeoni in celebrating the accomplishments of women who have contributed to th‚Ä¶ https://t.co/MefESBeFL3"
196,0.4939,Fri Mar 02 18:45:00 +0000 2018,0.0,0.849,0.151,CBS,"In honor of Women's History Month, CBS and the Association of National Advertisers' (ANA) #SeeHer initiative will p‚Ä¶ https://t.co/2wtYxKJVuO"
197,-0.6981,Thu Mar 01 18:59:01 +0000 2018,0.21,0.79,0.0,CBS,RT @ZoeListerJones: Tonight‚Äôs an all new Life In Pieces and it‚Äôs directed by my ride or die @nataliaanderson!!!‚Ä¶ https://t.co/2LPfmyLWrY
198,0.4547,Thu Mar 01 18:12:57 +0000 2018,0.092,0.749,0.159,CBS,"RT @MarenMorris: Hot damn! Woke up from my post-wisdom teeth haze to find out I‚Äôm up for 4 @ACMawards ! So honored, especially for the Dear‚Ä¶"
199,0.8591,Thu Mar 01 18:11:50 +0000 2018,0.0,0.462,0.538,CBS,RT @KelseaBallerini: Ohhhhh goodness. Incredible. Thank you thank you thank you. #female https://t.co/1ZTYjNfQeF
200,-0.4767,Mon Apr 09 19:27:43 +0000 2018,0.154,0.846,0.0,CNN,Facebook has suspended another data analytics company following allegations that it misled its users over how their‚Ä¶ https://t.co/ngLR7ZO2hR
201,-0.6124,Mon Apr 09 19:18:26 +0000 2018,0.217,0.783,0.0,CNN,RT @CNNPolitics: Sanders on whether Trump‚Äôs attitude toward Russian President Vladimir Putin has changed after the suspected attack in Syri‚Ä¶
202,0.0,Mon Apr 09 19:10:07 +0000 2018,0.0,1.0,0.0,CNN,The Democratic case against impeaching President Trump | Analysis by @CillizzaCNN https://t.co/iJhkbkgwiN https://t.co/Gne816Sdqz
203,0.0,Mon Apr 09 19:00:45 +0000 2018,0.192,0.58,0.228,CNN,RT @CNNPolitics: Sanders: ‚ÄúSignaling we want to remove our troops in no way degrades our ability to hold parties responsible‚Äù https://t.co/‚Ä¶
204,0.0,Mon Apr 09 19:00:06 +0000 2018,0.0,1.0,0.0,CNN,"As images of Syrian children gasping and convulsing spread around the world, President Trump and other internationa‚Ä¶ https://t.co/RdfRTlBJQ0"
205,-0.7845,Mon Apr 09 18:59:12 +0000 2018,0.331,0.669,0.0,CNN,White House press secretary Sarah Sanders on the suspected chemical weapons attack in Syria: ‚ÄúAs President Trump cl‚Ä¶ https://t.co/OobP8EM9Tf
206,0.0,Mon Apr 09 18:51:32 +0000 2018,0.0,1.0,0.0,CNN,White House press secretary Sarah Sanders talks to reporters after President Trump said he would make a decision so‚Ä¶ https://t.co/f0GqzDioAR
207,-0.802,Mon Apr 09 18:50:04 +0000 2018,0.387,0.613,0.0,CNN,"Sean Hannity, who mocked Michelle Obama, says it's wrong to mock Melania Trump | via @CNNopinion‚Ä¶ https://t.co/qWhCeSNLgG"
208,0.6808,Mon Apr 09 18:40:04 +0000 2018,0.0,0.781,0.219,CNN,Prince Harry and Meghan Markle are asking people who wish to send them a wedding gift to consider donating to one o‚Ä¶ https://t.co/NHkoaY67G8
209,-0.0772,Mon Apr 09 18:30:10 +0000 2018,0.075,0.925,0.0,CNN,"""Black Panther"" passes ""Titanic"" at the box office on the all-time list of highest grossing films‚Ä¶ https://t.co/K3YcmgZUNa"
210,0.4767,Mon Apr 09 18:28:00 +0000 2018,0.0,0.86,0.14,CNN,A bodyguard for boxing champ Floyd Mayweather is recovering at an Atlanta hospital after being shot in the leg outs‚Ä¶ https://t.co/ojVt62HPF5
211,-0.6705,Mon Apr 09 18:20:11 +0000 2018,0.184,0.816,0.0,CNN,"Gassed where they had hidden, Syrian families were killed in minutes.

11 people from one family and eight from ano‚Ä¶ https://t.co/01Z01avB0K"
212,-0.2263,Mon Apr 09 18:10:07 +0000 2018,0.095,0.905,0.0,CNN,"David Hogg, one of Marjory Stoneman Douglas High School's most visible student activists, will postpone his first y‚Ä¶ https://t.co/oketcR6Acj"
213,0.0,Mon Apr 09 18:00:12 +0000 2018,0.0,1.0,0.0,CNN,"Illinois Democratic Sen. Tammy Duckworth gave birth to a baby girl Monday, her office announced, the first US senat‚Ä¶ https://t.co/G8vl4Vc2CV"
214,0.0,Mon Apr 09 17:56:36 +0000 2018,0.0,1.0,0.0,CNN,"RT @CNNPolitics: Sen. Bill Nelson: If we don‚Äôt act on Facebook, ‚Äúnone of us are going to have any privacy anymore‚Äù https://t.co/j2vKcfuFuo"
215,0.2023,Mon Apr 09 17:50:03 +0000 2018,0.0,0.913,0.087,CNN,The federal government's top voice on ethics sent a letter to the EPA outlining areas of concern regarding agency c‚Ä¶ https://t.co/GQcZs2YBFN
216,-0.6486,Mon Apr 09 17:40:10 +0000 2018,0.261,0.739,0.0,CNN,"Voters in Anchorage, Alaska, narrowly reject a proposal to restrict bathroom access for transgender people, the fir‚Ä¶ https://t.co/1XDALjEFwm"
217,0.5379,Mon Apr 09 17:30:07 +0000 2018,0.0,0.812,0.188,CNN,"Why Rick Scott's Senate candidacy is very, very good news for Republicans | Analysis by @CillizzaCNN‚Ä¶ https://t.co/pGpb2HfJQz"
218,-0.7096,Mon Apr 09 17:20:12 +0000 2018,0.224,0.776,0.0,CNN,"Just before Bill Cosby walked into court Monday morning, a topless protester with ""Cosby rapist"" and women's names‚Ä¶ https://t.co/dEBpuMfsbD"
219,0.0,Mon Apr 09 17:10:08 +0000 2018,0.0,1.0,0.0,CNN,The stock market can't figure out President Trump's trade policy https://t.co/HAB2bsxco0 https://t.co/UoCsLTvhKE
220,-0.0258,Mon Apr 09 17:00:12 +0000 2018,0.154,0.647,0.199,CNN,Pope Francis says helping the poor and migrants is as important as opposing abortion https://t.co/B9rmyQdHgS https://t.co/XtVV4kelqz
221,-0.6705,Mon Apr 09 16:51:12 +0000 2018,0.184,0.816,0.0,CNN,At least 23 schoolchildren were among those killed Monday in northern India after their bus skidded off the road an‚Ä¶ https://t.co/67yfiJaJxX
222,0.0,Mon Apr 09 16:43:03 +0000 2018,0.0,1.0,0.0,CNN,Some Facebook users can now see whether their data may have been obtained by political data firm Cambridge Analytic‚Ä¶ https://t.co/HFVSiXVeK4
223,-0.0772,Mon Apr 09 16:36:26 +0000 2018,0.129,0.756,0.116,CNN,Mark Zuckerberg has a clear message for Congress in the wake of the Cambridge Analytica scandal: It's my fault:‚Ä¶ https://t.co/sl6PxaHXyO
224,-0.802,Mon Apr 09 16:24:03 +0000 2018,0.366,0.551,0.083,CNN,"President Trump strongly condemns the ""atrocious"" chemical weapons attack in Syria and says a decision on US action‚Ä¶ https://t.co/wBVvORqpm0"
225,-0.4215,Mon Apr 09 16:15:27 +0000 2018,0.216,0.69,0.095,CNN,"Does Putin bear responsibility for the suspected chemical attack in Syria?

President Trump: ‚ÄúHe may, yeah, he may.‚Ä¶ https://t.co/tmDaXti97p"
226,0.0,Mon Apr 09 16:06:04 +0000 2018,0.0,1.0,0.0,CNN,President Trump: ‚ÄúWe‚Äôll be making some major decisions over the next 24 to 48 hours‚Äù on a US response to the suspec‚Ä¶ https://t.co/iSTwBp9FOX
227,-0.5106,Mon Apr 09 16:00:37 +0000 2018,0.155,0.845,0.0,CNN,"President Trump condemns the ‚Äúheinous attack‚Äù on Syrian civilians: ‚ÄúThis is about humanity... If it‚Äôs Russia, if it‚Ä¶ https://t.co/vQxuUYgOo0"
228,0.0,Mon Apr 09 15:51:28 +0000 2018,0.0,1.0,0.0,CNN,"Facebook CEO Mark Zuckerberg is on Capitol Hill to meet with lawmakers, including members of committees holding hea‚Ä¶ https://t.co/vTmwxfTEHS"
229,-0.802,Mon Apr 09 15:50:06 +0000 2018,0.387,0.613,0.0,CNN,"Sean Hannity, who mocked Michelle Obama, says it's wrong to mock Melania Trump | via @CNNopinion‚Ä¶ https://t.co/AgR2qL6zuv"
230,-0.5423,Mon Apr 09 15:40:08 +0000 2018,0.231,0.769,0.0,CNN,"Oklahoma teachers continue their walkout for a sixth day today, maintaining their pressure on state legislators for‚Ä¶ https://t.co/Jppkmfi74G"
231,0.0258,Mon Apr 09 15:30:10 +0000 2018,0.059,0.876,0.064,CNN,"Rick Scott is the toughest challenger Bill Nelson has faced for Florida Senate, but Nelson's still a slight favorit‚Ä¶ https://t.co/EHq9izkgN9"
232,0.0,Mon Apr 09 15:20:12 +0000 2018,0.0,1.0,0.0,CNN,What cities and states are doing about guns since the Parkland shooting https://t.co/vngGcWVQF7 https://t.co/9chaUhwhAl
233,-0.4588,Mon Apr 09 15:12:03 +0000 2018,0.16,0.84,0.0,CNN,The FDA worried this drug was risky. Now doctors are concerned about the report of more than 700 deaths in the less‚Ä¶ https://t.co/esK5Q2wVDM
234,0.6808,Mon Apr 09 15:07:36 +0000 2018,0.0,0.781,0.219,CNN,People from both Canada and the United States are sharing photos of hockey sticks left on porches as a tribute to p‚Ä¶ https://t.co/ubUTEoRBxU
235,-0.6597,Mon Apr 09 15:03:51 +0000 2018,0.252,0.748,0.0,CNN,"A disaster was narrowly averted in eastern India on Saturday after a runaway train carrying up to 1,000 passengers‚Ä¶ https://t.co/3DeQiqTNRR"
236,0.6808,Mon Apr 09 14:47:09 +0000 2018,0.0,0.781,0.219,CNN,Prince Harry and Meghan Markle are asking people who wish to send them a wedding gift to consider donating to one o‚Ä¶ https://t.co/BOh2wHicgI
237,-0.1901,Mon Apr 09 14:31:06 +0000 2018,0.077,0.923,0.0,CNN,"When it comes to Syria, President Trump can tweet and launch strikes if he wants, but not much else | Analysis by‚Ä¶ https://t.co/q5wp5kGq43"
238,-0.4549,Mon Apr 09 14:21:53 +0000 2018,0.153,0.847,0.0,CNN,"RT @cnni: Two of the most wanted fighters from the British ISIS cell called ""the Beatles"" spoke with @npwcnn from inside the detention faci‚Ä¶"
239,0.0,Mon Apr 09 14:20:03 +0000 2018,0.0,1.0,0.0,CNN,"As images of Syrian children gasping and convulsing spread around the world, President Trump and other internationa‚Ä¶ https://t.co/QFqM3UzVxs"
240,0.3182,Mon Apr 09 14:04:35 +0000 2018,0.0,0.881,0.119,CNN,Life coach Tony Robbins apologized for his comments about the #MeToo movement after suggesting during a March event‚Ä¶ https://t.co/U0Ln3fjW8v
241,0.0,Mon Apr 09 13:52:05 +0000 2018,0.0,1.0,0.0,CNN,From political refugee to CEO: How Geisha Williams made history by becoming the first Latina CEO of a Fortune 500 C‚Ä¶ https://t.co/v9AAlj9mmM
242,0.128,Mon Apr 09 13:40:21 +0000 2018,0.0,0.909,0.091,CNN,Defense Secretary James Mattis on the possibility of launching airstrikes against Syrian President Bashar al-Assad'‚Ä¶ https://t.co/4Oi2LTEfJ4
243,-0.0772,Mon Apr 09 13:29:17 +0000 2018,0.075,0.925,0.0,CNN,"""Black Panther"" passes ""Titanic"" at the box office on the all-time list of highest grossing films‚Ä¶ https://t.co/Lf9lIVteVA"
244,-0.0258,Mon Apr 09 13:20:01 +0000 2018,0.18,0.645,0.175,CNN,Attorney General Jeff Sessions just made the opioid war harder to win | via @CNNopinion https://t.co/eO2ZYGLkm8 https://t.co/5ZmHgOzoz7
245,-0.6597,Mon Apr 09 13:12:03 +0000 2018,0.252,0.748,0.0,CNN,"A disaster was narrowly averted in eastern India after a runaway train carrying up to 1,000 passengers rolled with‚Ä¶ https://t.co/lGO0pA0YRX"
246,-0.0018,Mon Apr 09 13:05:54 +0000 2018,0.123,0.754,0.123,CNN,"Syria and it most powerful ally, Russia, blamed Israel for striking an airbase in the war-torn country on Monday, f‚Ä¶ https://t.co/dU3bFRhJlV"
247,-0.3612,Mon Apr 09 13:00:15 +0000 2018,0.128,0.809,0.064,CNN,Stormy Daniels' legal team plans to release a composite sketch of the man the porn star says threatened her in 2011‚Ä¶ https://t.co/Rbmaf5sW4J
248,0.0,Mon Apr 09 12:49:37 +0000 2018,0.063,0.874,0.063,CNN,"Florida Republican Gov. Rick Scott says he's running for the US Senate, setting up a serious challenge to the state‚Ä¶ https://t.co/9oHrPWsZw6"
249,0.6369,Mon Apr 09 12:45:10 +0000 2018,0.0,0.704,0.296,CNN,Beyond Tokyo: 8 of Japan's best foodie destinations https://t.co/0vjI9pVzDK via @CNNTravel https://t.co/MPo2WPjbfX
250,-0.0258,Mon Apr 09 12:38:55 +0000 2018,0.154,0.647,0.199,CNN,Pope Francis says helping the poor and migrants is as important as opposing abortion https://t.co/XHbOXLchua https://t.co/XXBefmOdcn
251,-0.25,Mon Apr 09 12:37:05 +0000 2018,0.114,0.818,0.068,CNN,Russia's Defense Ministry has claimed that Israel was behind a series of strikes on an airbase in central Syria on‚Ä¶ https://t.co/IrPIXbxHUd
252,0.0,Mon Apr 09 12:30:11 +0000 2018,0.0,1.0,0.0,CNN,"Donald Trump always strives to command center stage, but the US President is now embroiled in so many escalating gl‚Ä¶ https://t.co/2yZT9mnSSF"
253,0.0,Mon Apr 09 12:26:02 +0000 2018,0.0,1.0,0.0,CNN,"Deutsche Bank, Germany's biggest lender, is getting rid of its CEO after years of heavy losses.‚Ä¶ https://t.co/O1UvpLNxyz"
254,0.0,Mon Apr 09 12:19:04 +0000 2018,0.0,1.0,0.0,CNN,4 questions Congress must ask Facebook CEO Mark Zuckerberg https://t.co/5PaplSDYRt https://t.co/TPsfQPpUKu
255,-0.1226,Mon Apr 09 12:16:02 +0000 2018,0.063,0.937,0.0,CNN,"Two of the most wanted fighters from the British ISIS cell known as ""the Beatles"" have called some of the group's a‚Ä¶ https://t.co/ErTHLwtmHe"
256,0.0,Mon Apr 09 12:12:37 +0000 2018,0.0,1.0,0.0,CNN,"Facebook CEO Mark Zuckerberg is on Capitol Hill today to meet with lawmakers, including members of committees holdi‚Ä¶ https://t.co/TEjSDM8O0O"
257,-0.5106,Mon Apr 09 12:12:02 +0000 2018,0.275,0.604,0.121,CNN,"New York Times top editor on journalism's ""biggest crisis"" https://t.co/YZqAM2JZ2X https://t.co/aGlBwRjZrc"
258,0.0,Mon Apr 09 12:04:23 +0000 2018,0.0,1.0,0.0,CNN,What cities and states are doing about guns since the Parkland shooting https://t.co/x2gNmQqcvg https://t.co/q70mtKVUqn
259,0.0,Mon Apr 09 12:03:04 +0000 2018,0.0,1.0,0.0,CNN,Designing for hedonists: The evolution of nightclub interiors https://t.co/PJKGBCwL2b via @CNNStyle https://t.co/osJPpj5Jlo
260,-0.6597,Mon Apr 09 11:59:06 +0000 2018,0.252,0.748,0.0,CNN,"A disaster was narrowly averted in eastern India on Saturday after a runaway train carrying up to 1,000 passengers‚Ä¶ https://t.co/VGZeMMBqZ9"
261,0.0,Mon Apr 09 11:56:02 +0000 2018,0.0,1.0,0.0,CNN,"How President Trump might counter ""Animal Assad"" https://t.co/1UCL0ugNRt | via @CNNOpinion https://t.co/6Vxl00eqbc"
262,0.5859,Mon Apr 09 11:51:07 +0000 2018,0.0,0.759,0.241,CNN,16-year-old breaks Commonwealth Games record to win shooting gold for India https://t.co/ckEnqdDG2p https://t.co/Y7CYQy1zrp
263,-0.3818,Mon Apr 09 11:44:06 +0000 2018,0.178,0.822,0.0,CNN,Here's everything you need to know about the US-China trade battle https://t.co/qfAXCtoeph https://t.co/qc6MwmahAG
264,-0.5423,Mon Apr 09 11:39:27 +0000 2018,0.231,0.769,0.0,CNN,"Oklahoma teachers will continue their walkout for a sixth day today, maintaining their pressure on state legislator‚Ä¶ https://t.co/FdYFsxlo0U"
265,-0.6124,Mon Apr 09 11:38:04 +0000 2018,0.417,0.583,0.0,CNN,"Lightning strike kills 1, injures 4 in Florida https://t.co/iDZeD9keEh https://t.co/MnHKWwyfzB"
266,0.0,Mon Apr 09 11:31:05 +0000 2018,0.0,1.0,0.0,CNN,Atlanta is the world's busiest airport for another year. Here's the rest of the list: https://t.co/qy5qAnTwjG
267,0.0,Mon Apr 09 11:30:06 +0000 2018,0.0,1.0,0.0,CNN,"As images of Syrian children gasping and convulsing spread around the world, President Trump and other internationa‚Ä¶ https://t.co/4UF8wtRLft"
268,-0.6249,Mon Apr 09 11:26:30 +0000 2018,0.186,0.814,0.0,CNN,"RT @NewDay: ""They're really very ordinary,"" says @npwcnn of British ISIS terrorists called ""the Beatles.""

""Unextraordinary people to some‚Ä¶"
269,-0.1226,Mon Apr 09 11:26:19 +0000 2018,0.066,0.934,0.0,CNN,"Two of the most wanted fighters from the British ISIS cell called ""the Beatles"" have called some of the group's act‚Ä¶ https://t.co/TJ5ez1pFVh"
270,0.0,Mon Apr 09 11:26:05 +0000 2018,0.0,1.0,0.0,CNN,US military resumes air operations in Djibouti https://t.co/tb7GCGzpIl https://t.co/dMKZRtdHaw
271,-0.6597,Mon Apr 09 11:20:03 +0000 2018,0.318,0.568,0.114,CNN,Ferrari mechanic suffers a broken leg after being hit by a car during a pit stop at the Bahrain Grand Prix https://t.co/Hz9pxAiJFO
272,0.3182,Mon Apr 09 11:16:03 +0000 2018,0.0,0.881,0.119,CNN,Life coach Tony Robbins apologized for his comments about the #MeToo movement after suggesting during a March event‚Ä¶ https://t.co/iWTVDtKsqB
273,0.0,Mon Apr 09 11:12:06 +0000 2018,0.0,1.0,0.0,CNN,Advocacy groups claim YouTube illegally collects data from kids https://t.co/cekqlCi0z1 https://t.co/zjlS4plfp6
274,-0.4588,Mon Apr 09 11:10:34 +0000 2018,0.16,0.84,0.0,CNN,The FDA worried this drug was risky. Now doctors are concerned about the report of more than 700 deaths in the less‚Ä¶ https://t.co/7v8OKBAdFh
275,0.0,Mon Apr 09 11:06:04 +0000 2018,0.0,1.0,0.0,CNN,Cambridge Analytica whistleblower says data could've come from more than 87 million users and be stored in Russia‚Ä¶ https://t.co/Ul43cBSA1l
276,-0.4019,Mon Apr 09 11:00:09 +0000 2018,0.153,0.847,0.0,CNN,"5 things for Monday:

- Syria
- Alaska 'bathroom bill'
- Hungary election
- Canada bus crash
- Tony Robbins and‚Ä¶ https://t.co/4MGWimP6ee"
277,-0.802,Mon Apr 09 10:58:02 +0000 2018,0.444,0.556,0.0,CNN,Army identifies two soldiers killed in Kentucky helicopter crash https://t.co/Dqje3GDcLG https://t.co/rXwFCMGiXH
278,-0.3182,Mon Apr 09 10:52:06 +0000 2018,0.246,0.628,0.126,CNN,Syria attack response looms over John Bolton's first week as national security adviser https://t.co/iqhidMOnZO https://t.co/YKp7r5Vlt0
279,0.0,Mon Apr 09 10:50:07 +0000 2018,0.0,1.0,0.0,CNN,"When Congress returns Monday from a two-week recess, all eyes will be on Facebook CEO Mark Zuckerberg as he takes t‚Ä¶ https://t.co/rvKkEqwlqD"
280,-0.4588,Mon Apr 09 10:46:04 +0000 2018,0.25,0.75,0.0,CNN,"A year after the US attacked Syria, what's changed? https://t.co/fD4i63D5cc https://t.co/T2skoyLYDv"
281,0.2263,Mon Apr 09 10:45:04 +0000 2018,0.14,0.628,0.232,CNN,Should Democrats worry that a blue wave is being treated like a sure thing? | Analysis by @zbyronwolf¬†‚Ä¶ https://t.co/ic7X2vHlwu
282,-0.6249,Mon Apr 09 10:41:02 +0000 2018,0.389,0.611,0.0,CNN,"Muenster van attack driver acted alone, police say https://t.co/0ImvR5IoMW https://t.co/BweBbbfH2O"
283,0.0,Mon Apr 09 10:35:35 +0000 2018,0.0,1.0,0.0,CNN,Bill Cosby's retrial begins in Pennsylvania today -- the first time the comedian's case returns to court since the‚Ä¶ https://t.co/mKOcWGBE5R
284,0.0,Mon Apr 09 10:35:05 +0000 2018,0.0,1.0,0.0,CNN,"Republican Sen. John McCain says President Trump ""emboldened"" Syrian leader Bashar al-Assad with comments on US wit‚Ä¶ https://t.co/2Dm4Cpqyla"
285,0.0,Mon Apr 09 10:31:07 +0000 2018,0.0,1.0,0.0,CNN,"New Trump adviser is ""not much of a carrot man"" https://t.co/5yAePVYewm | via @CNNopinion https://t.co/Cib9B7ZUTl"
286,-0.3182,Mon Apr 09 10:26:01 +0000 2018,0.112,0.837,0.051,CNN,Several cities and states have taken matters into their own hands on gun regulation since the February 14 Parkland‚Ä¶ https://t.co/f9mmASATVg
287,0.0,Mon Apr 09 10:21:02 +0000 2018,0.0,1.0,0.0,CNN,New details about the birth of the third child of the Duke and Duchess of Cambridge have been revealed by Kensingto‚Ä¶ https://t.co/A6r1pHeuqm
288,-0.1655,Mon Apr 09 10:15:07 +0000 2018,0.142,0.858,0.0,CNN,"Ad boycott continues, but Laura Ingraham is coming back https://t.co/A9aXH4c6Tb https://t.co/KBp3OW1IMd"
289,-0.7096,Mon Apr 09 10:12:04 +0000 2018,0.269,0.731,0.0,CNN,"The US denied attacking a Syrian airfield on Sunday, hours after President Donald Trump tweeted ""Animal Assad"" woul‚Ä¶ https://t.co/KAoUrZQTf4"
290,0.3612,Mon Apr 09 10:06:04 +0000 2018,0.0,0.828,0.172,CNN,Jimmy Kimmel apologizes for jabs at Fox News host Sean Hannity https://t.co/fZDKYMkN5H https://t.co/WWKAqAwmj3
291,0.0,Mon Apr 09 09:59:03 +0000 2018,0.0,1.0,0.0,CNN,"Stormy Daniels' attorney has once again filed a motion to depose President Donald Trump and his lawyer, Michael Coh‚Ä¶ https://t.co/NjypxY1Pex"
292,-0.1531,Mon Apr 09 09:57:23 +0000 2018,0.071,0.929,0.0,CNN,"Are you one of the 87 million Facebook users affected by the Cambridge Analytica data breach?

CNN wants to hear fr‚Ä¶ https://t.co/ceSEBdQnht"
293,-0.5719,Mon Apr 09 09:52:58 +0000 2018,0.236,0.764,0.0,CNN,"""A Quiet Place"" leads box office as horror keeps making noise https://t.co/gEzgD5vtI4 https://t.co/Cdq3ZTV6jE"
294,-0.25,Mon Apr 09 09:43:05 +0000 2018,0.114,0.818,0.068,CNN,Russia's Defense Ministry has claimed that Israel was behind a series of strikes on an airbase in central Syria on‚Ä¶ https://t.co/n3Xv9yvPZ8
295,-0.5423,Mon Apr 09 09:34:03 +0000 2018,0.22,0.78,0.0,CNN,"Oklahoma teachers to continue their walkout for a sixth day, maintaining their pressure on state legislators for in‚Ä¶ https://t.co/QClmRnFGPP"
296,-0.6597,Mon Apr 09 09:27:21 +0000 2018,0.318,0.568,0.114,CNN,Ferrari mechanic suffers a broken leg after being hit by a car during a pit stop at the Bahrain Grand Prix https://t.co/dolD3bQW65
297,0.0,Mon Apr 09 09:14:52 +0000 2018,0.0,1.0,0.0,CNN,New details about the birth of the third child of the Duke and Duchess of Cambridge have been revealed by Kensingto‚Ä¶ https://t.co/HIZw9JEsqf
298,-0.1226,Mon Apr 09 09:09:42 +0000 2018,0.063,0.937,0.0,CNN,"Two of the most wanted fighters from the British ISIS cell known as ""the Beatles"" have called some of the group's a‚Ä¶ https://t.co/4ZAF4Buuje"
299,-0.3182,Mon Apr 09 08:58:40 +0000 2018,0.112,0.837,0.051,CNN,Several cities and states have taken matters into their own hands on gun regulation since the February 14 Parkland‚Ä¶ https://t.co/qkxc9sCfrk
300,-0.836,Mon Apr 09 19:22:00 +0000 2018,0.418,0.582,0.0,FoxNews,Gov. Walker: Democrats' Rhetoric Ahead of Midterms Filled With 'Hatred and Anger' https://t.co/3hO7y7q4ir
301,-0.4939,Mon Apr 09 19:14:00 +0000 2018,0.286,0.714,0.0,FoxNews,New foam armor for tanks can pulverize enemies https://t.co/LZQv9MQFJy
302,0.0,Mon Apr 09 19:01:08 +0000 2018,0.0,1.0,0.0,FoxNews,".@PressSec: ‚ÄúThe president wants to bring our troops home after we complete the mission to eradicate ISIS in Syria."" https://t.co/vkJPE2gzaU"
303,0.34,Mon Apr 09 18:55:15 +0000 2018,0.0,0.876,0.124,FoxNews,.@PressSec: ‚ÄúThe president and his national security team are consulting closely with allies and partners to determ‚Ä¶ https://t.co/gtCxEaN9nc
304,0.0,Mon Apr 09 18:48:04 +0000 2018,0.0,1.0,0.0,FoxNews,.@PressSec Sarah Sanders holds a briefing https://t.co/YxMR6d0PDd
305,0.0,Mon Apr 09 18:37:54 +0000 2018,0.0,1.0,0.0,FoxNews,".@SenBillNelson on Mark Zuckerberg's upcoming testimony: If we don‚Äôt do something about this, we‚Äôre not going to ha‚Ä¶ https://t.co/90Dgie3h0M"
306,-0.34,Mon Apr 09 18:31:57 +0000 2018,0.211,0.789,0.0,FoxNews,Georgia reignites longstanding feud over border with northern neighbors https://t.co/HNQBOEfStS
307,0.7579,Mon Apr 09 18:30:55 +0000 2018,0.0,0.745,0.255,FoxNews,.@FLGovScott on @dailybriefing: ‚ÄúWe have to make sure we defend our own borders and defend the freedom of this coun‚Ä¶ https://t.co/jB9CN4Uoqs
308,0.0,Mon Apr 09 18:25:11 +0000 2018,0.0,1.0,0.0,FoxNews,.@FLGovScott on @dailybriefing: ‚ÄúI believe that we can change Washington.‚Äù https://t.co/etdgQ3PUtP https://t.co/M5vF2Fem6G
309,0.0,Mon Apr 09 18:22:31 +0000 2018,0.0,1.0,0.0,FoxNews,"Ex-AG Lynch: Clinton tarmac talk was about 'innocuous things' - via @brookefoxnews 
https://t.co/Dv1DOgEbXi"
310,-0.4767,Mon Apr 09 18:13:10 +0000 2018,0.171,0.829,0.0,FoxNews,".@POTUS calls Syria chemical attack 'atrocious,' says U.S. to make 'major decisions' in coming hours https://t.co/TihuiGkTVR"
311,0.0,Mon Apr 09 17:33:59 +0000 2018,0.0,1.0,0.0,FoxNews,Hiker Meets Reindeer Herd in Cairngorms National Park in Scotland https://t.co/hOowjIx64X
312,0.0,Mon Apr 09 17:29:29 +0000 2018,0.0,1.0,0.0,FoxNews,"Brandon Judd: 'When We Have the National Guard on the Border, the Cartels Take Notice' https://t.co/ekjweddTYh"
313,-0.836,Mon Apr 09 17:15:47 +0000 2018,0.418,0.582,0.0,FoxNews,Gov. @ScottWalker: Democrats' Rhetoric Ahead of Midterms Filled With 'Hatred and Anger' https://t.co/wf9kbtInq6
314,0.2023,Mon Apr 09 16:47:47 +0000 2018,0.135,0.676,0.189,FoxNews,Puppy in Texas Rescued After Getting Head Stuck in Car Wheel https://t.co/rJwe7uUEpy
315,0.0,Mon Apr 09 16:36:06 +0000 2018,0.0,1.0,0.0,FoxNews,.@POTUS orders National Guard to the southern border https://t.co/0RXkQA4C3x
316,0.0,Mon Apr 09 16:25:49 +0000 2018,0.0,1.0,0.0,FoxNews,"US Attorney John Lausch to oversee FISA warrant document release - via @brookefoxnews @JakeBGibson 
https://t.co/U6X5kS5ZCD"
317,-0.128,Mon Apr 09 16:25:41 +0000 2018,0.111,0.889,0.0,FoxNews,Solar storm could strike Earth this week: What you need to know https://t.co/ji311frJMA
318,0.0,Mon Apr 09 16:22:56 +0000 2018,0.0,1.0,0.0,FoxNews,US Attorney John Lausch to oversee FISA warrant document release https://t.co/9WPO96H5iu
319,0.0,Mon Apr 09 16:21:48 +0000 2018,0.0,1.0,0.0,FoxNews,Secretary Mattis on Possible US Military Action Against Assad: 'I Don't Rule Out Anything' https://t.co/RiGBLS5PQn
320,-0.5574,Mon Apr 09 16:15:47 +0000 2018,0.338,0.662,0.0,FoxNews,"Mattis faults Russia on Syria, won't rule out US strike https://t.co/wOB9EKByH9"
321,-0.2263,Mon Apr 09 16:12:51 +0000 2018,0.094,0.851,0.055,FoxNews,.@POTUS: ‚ÄúWe need a wall‚Ä¶ It‚Äôll stop a lot of people that we don‚Äôt want in this country from coming into our countr‚Ä¶ https://t.co/55wEoECcWe
322,0.0,Mon Apr 09 16:10:12 +0000 2018,0.0,1.0,0.0,FoxNews,.@POTUS: ‚ÄúWe‚Äôre putting the National Guard and military at the border. We‚Äôre beefing up the border patrol.‚Äù https://t.co/JGa4JiYLZE
323,0.5859,Mon Apr 09 16:06:20 +0000 2018,0.0,0.798,0.202,FoxNews,.@POTUS on trade: ‚ÄúChina has been taking advantage of the United States for many years‚Ä¶ They have really done a num‚Ä¶ https://t.co/XbqM27U4AX
324,-0.7351,Mon Apr 09 16:03:05 +0000 2018,0.246,0.754,0.0,FoxNews,".@POTUS on the alleged Syria chemical attack: ‚ÄúIt was an atrocious attack, it was horrible‚Ä¶ We‚Äôll be making some ma‚Ä¶ https://t.co/NLaDnkB6fs"
325,-0.3182,Mon Apr 09 15:48:51 +0000 2018,0.187,0.813,0.0,FoxNews,.@Richardafowler on escalating trade tension between China and the U.S. https://t.co/cEPZmWKl72
326,-0.3182,Mon Apr 09 15:41:12 +0000 2018,0.247,0.753,0.0,FoxNews,Alex Conant: ‚ÄúEveryone loses in a trade war.‚Äù https://t.co/pPKIsqKU3f
327,0.0,Mon Apr 09 15:30:54 +0000 2018,0.0,1.0,0.0,FoxNews,RT @FoxBusiness: Dow at session highs: https://t.co/I7RKNQgnlb https://t.co/6GPmRL0K23
328,0.128,Mon Apr 09 15:20:42 +0000 2018,0.0,0.88,0.12,FoxNews,'Shirtless' daredevil draped in American flag climbs 200-foot crane in Hollywood https://t.co/LObFSY5JsF
329,-0.296,Mon Apr 09 15:06:25 +0000 2018,0.145,0.855,0.0,FoxNews,"Breaking News: Body of Tennessee double-murder suspect believed to be found, sheriff says https://t.co/lEbAZCvlrf"
330,0.0,Mon Apr 09 14:43:27 +0000 2018,0.0,1.0,0.0,FoxNews,Toddler on American Airlines flight hit in head with oxygen canister that fell from ceiling during landing https://t.co/BO5ZoXFtDO
331,0.0,Mon Apr 09 14:36:36 +0000 2018,0.0,1.0,0.0,FoxNews,"Brandon Judd: ‚ÄúWhen we have the National Guard on the border, the cartels take notice.‚Äù https://t.co/zQ5dC38M6D"
332,0.3182,Mon Apr 09 14:34:51 +0000 2018,0.0,0.874,0.126,FoxNews,"‚ÄúIt‚Äôs going to be a huge boon."" ‚Äì Brandon Judd on @USNationalGuard troops heading to the southern border https://t.co/HpdVpSk2WD"
333,0.0,Mon Apr 09 14:29:26 +0000 2018,0.0,1.0,0.0,FoxNews,Texas Gov on Sending Nat'l Guard to Border: 'There's a Mathematical Need For This' https://t.co/zaGRhlMHdb
334,-0.5574,Mon Apr 09 14:26:01 +0000 2018,0.231,0.769,0.0,FoxNews,Horse trailer carrying at least 18 illegal immigrants crashes in Southern California https://t.co/vDBNYCcCfP
335,0.0,Mon Apr 09 14:23:41 +0000 2018,0.0,1.0,0.0,FoxNews,"Mac Thornberry: ""We‚Äôve got to do whatever it takes to have planes that fly and have training that is appropriate fo‚Ä¶ https://t.co/PxyBSYRb7e"
336,0.4576,Mon Apr 09 14:20:34 +0000 2018,0.0,0.88,0.12,FoxNews,"Mac Thornberry: ‚ÄúWhat we do speaks much more clearly than what we say, and to show Putin and Assad and everybody el‚Ä¶ https://t.co/pXOMQvtSfZ"
337,0.0,Mon Apr 09 14:15:12 +0000 2018,0.0,1.0,0.0,FoxNews,"Mac Thornberry: ‚ÄúWe cannot fix Syria...We have to work with our allies to try to keep a lid on things."" https://t.co/VaXqZgzSTW"
338,0.3612,Mon Apr 09 14:12:15 +0000 2018,0.0,0.706,0.294,FoxNews,Tony Robbins apologizes for #MeToo comments https://t.co/NDTXRdhvmr
339,0.34,Mon Apr 09 14:08:49 +0000 2018,0.0,0.854,0.146,FoxNews,"Mac Thornberry: ""Syria is a cauldron of security concerns for all sorts of countries.‚Äù https://t.co/UjnLduMUV4 https://t.co/b3lTjMkMql"
340,0.3818,Mon Apr 09 14:05:35 +0000 2018,0.0,0.88,0.12,FoxNews,"RT @FoxBusiness: .@SecretaryPerry: ""Now, because of American innovation, American technology, we are now in the driver's seat when it comes‚Ä¶"
341,0.4336,Mon Apr 09 14:05:23 +0000 2018,0.0,0.856,0.144,FoxNews,"RT @FoxBusiness: .@SecretaryPerry: ""Fracking, horizontal drilling completely changed the dynamic out there in the world from the standpoint‚Ä¶"
342,0.4939,Mon Apr 09 14:04:13 +0000 2018,0.0,0.789,0.211,FoxNews,"Meghan Markle, Prince Harry ask for donations to charities as wedding gifts https://t.co/UPI4eSKubw"
343,0.0,Mon Apr 09 14:01:51 +0000 2018,0.0,1.0,0.0,FoxNews,Homeless residents brag about makeshift 'mansion' near Seattle's famed Space Needle https://t.co/O3WadCSrqE
344,-0.5423,Mon Apr 09 13:12:00 +0000 2018,0.243,0.757,0.0,FoxNews,"Facebook must shape up, or it will be 'broken up,' senator warns https://t.co/Q8Rozj7Hrr #fntech (via @christocarbone)"
345,-0.7096,Mon Apr 09 13:01:08 +0000 2018,0.33,0.67,0.0,FoxNews,Topless woman charges at Bill Cosby as he arrives for sex assault retrial https://t.co/7ekE4V4H7F
346,0.0,Mon Apr 09 12:59:25 +0000 2018,0.0,1.0,0.0,FoxNews,".@SecretaryPerry: ‚ÄúYou‚Äôve got to have boots on the ground, you‚Äôve got to have the technologies, that‚Äôs the reason t‚Ä¶ https://t.co/nGnZTfWihb"
347,-0.5859,Mon Apr 09 12:52:15 +0000 2018,0.348,0.652,0.0,FoxNews,73-year-old survives crash through brick wall and down 10-foot drop https://t.co/JH9HTBtN4u
348,0.6808,Mon Apr 09 12:30:27 +0000 2018,0.0,0.763,0.237,FoxNews,.@ScottWalker: ‚ÄúWe protect our shores and our borders and I applaud the president for stepping up to take on illega‚Ä¶ https://t.co/p97zi26qGq
349,-0.0747,Mon Apr 09 12:10:12 +0000 2018,0.145,0.727,0.128,FoxNews,Hackers hit Iran with US flag and 'Don't mess with our elections' warning https://t.co/Wp8Qc5G4Si
350,0.6124,Mon Apr 09 11:46:36 +0000 2018,0.0,0.688,0.312,FoxNews,.@GovAbbott on @foxandfriends: ‚ÄúTexas wants to ensure that we secure the border.‚Äù https://t.co/fwGehxeoqM
351,0.7713,Mon Apr 09 11:45:07 +0000 2018,0.0,0.718,0.282,FoxNews,".@GovAbbott: ""The people of Texas are very appreciative that the president of the United States has recognized this‚Ä¶ https://t.co/kMRze2Y37o"
352,0.0,Mon Apr 09 11:32:36 +0000 2018,0.0,1.0,0.0,FoxNews,Ronald Vitello: ‚ÄúConsequences matter‚Ä¶We need to reduce the activity level at the border.‚Äù @foxandfriends https://t.co/IfOPglGQfx
353,0.0,Mon Apr 09 11:26:49 +0000 2018,0.0,1.0,0.0,FoxNews,Cooler than average temperatures continue for the Midwest and Northeast (via @JaniceDean) https://t.co/ci8Hm7Q6Of
354,0.0,Mon Apr 09 11:25:01 +0000 2018,0.0,1.0,0.0,FoxNews,"JUST IN: Florida GOP Gov. Rick Scott running for Senate, report says https://t.co/hQgoeiQpsb"
355,0.4019,Mon Apr 09 11:23:38 +0000 2018,0.0,0.856,0.144,FoxNews,Ronald Vitello on @USNationalGuard at the southern border: ‚ÄúThey‚Äôre going to help us by adding capacity.‚Äù‚Ä¶ https://t.co/oiOA1sIqWU
356,-0.5574,Mon Apr 09 11:05:02 +0000 2018,0.295,0.591,0.114,FoxNews,".@RalphNorman: ‚ÄúI believe that the only thing that stops a bad guy with a gun, is a good guy with a gun.‚Äù https://t.co/eboQAn54i6"
357,0.0772,Mon Apr 09 10:58:23 +0000 2018,0.0,0.925,0.075,FoxNews,"OPINION: Want jobs? Nebraska reforms have more people working, fewer on welfare and food stamps (via‚Ä¶ https://t.co/t9QPR8HRKx"
358,-0.9062,Mon Apr 09 10:32:14 +0000 2018,0.468,0.532,0.0,FoxNews,.@LindseyGrahamSC on the suspected Syria chemical attack: ‚ÄúI think now [Assad] is a legitimate war criminal in the‚Ä¶ https://t.co/nunsCfmgbG
359,-0.8402,Mon Apr 09 10:28:47 +0000 2018,0.417,0.583,0.0,FoxNews,.@LindseyGrahamSC on the suspected Syria chemical attack: ‚ÄúWe should make [Assad] pay a heavy price by destroying h‚Ä¶ https://t.co/e9yFdSIgWJ
360,-0.802,Mon Apr 09 10:28:05 +0000 2018,0.474,0.526,0.0,FoxNews,Army identifies 2 killed in helicopter crash in Kentucky https://t.co/O2k3izcQvA https://t.co/wWVEuIaCpL
361,-0.7003,Mon Apr 09 10:07:05 +0000 2018,0.326,0.674,0.0,FoxNews,Russia blames Israel for deadly airstrike on Assad base after alleged chemical attack https://t.co/ttl3yWlLZf
362,-0.6249,Mon Apr 09 09:56:41 +0000 2018,0.287,0.622,0.091,FoxNews,.@RLHeinrichs on the Syria chemical attack: ‚ÄúYou can‚Äôt allow chemical weapons to continue being used.‚Äù‚Ä¶ https://t.co/CnW8ZaedJP
363,0.0,Mon Apr 09 09:41:32 +0000 2018,0.0,1.0,0.0,FoxNews,Sen. Jeff Flake's son seeks new civil trial against Joe Arpaio https://t.co/rqc9nLB9Tm https://t.co/RhieDXVfYz
364,0.0,Mon Apr 09 09:35:10 +0000 2018,0.0,1.0,0.0,FoxNews,Texas Begins Deploying Troops to the Border https://t.co/9gYLu12hvH https://t.co/VsUSbZhUtE
365,-0.128,Mon Apr 09 09:16:10 +0000 2018,0.147,0.736,0.117,FoxNews,South Carolina reps introduce bill to allow debate on secession over gun laws https://t.co/xa9m1r0ptu
366,-0.5423,Mon Apr 09 09:01:54 +0000 2018,0.163,0.837,0.0,FoxNews,"Democratic strategist Chuck Rocha: ""Nobody in America wants anybody coming here who wants to do harm to America."" https://t.co/MYBFQmnRBu"
367,-0.4019,Mon Apr 09 09:00:00 +0000 2018,0.229,0.684,0.087,FoxNews,.@larry_kudlow tries to calm trade war fears but says #Trump 'not bluffing' about China tariffs https://t.co/dUUt2Xc9G6
368,-0.5423,Mon Apr 09 08:55:00 +0000 2018,0.259,0.741,0.0,FoxNews,New high-speed Florida train kills 4th person since launching service https://t.co/bQAcrPIa3x
369,-0.7003,Mon Apr 09 08:50:00 +0000 2018,0.326,0.674,0.0,FoxNews,Russia blames Israel for deadly airstrike on Assad base after alleged chemical attack https://t.co/ttl3yWDmQN
370,-0.4404,Mon Apr 09 08:42:00 +0000 2018,0.172,0.828,0.0,FoxNews,".@RepMcCaul: ""I remember @JohnKerry saying, 'We took all their chemical weapons away.' Obviously not."" https://t.co/x7G1yQlN19"
371,0.0,Mon Apr 09 08:40:19 +0000 2018,0.0,1.0,0.0,FoxNews,".@NanHayworth: ""Extreme vetting, which has been applied to targeted nations that we know are the sources of terror‚Ä¶ https://t.co/OV0e9TAMSN"
372,0.0,Mon Apr 09 08:37:00 +0000 2018,0.0,1.0,0.0,FoxNews,Child advocates ask FTC to investigate YouTube https://t.co/vZEB4ezBGD
373,0.0,Mon Apr 09 08:32:40 +0000 2018,0.0,1.0,0.0,FoxNews,Texas begins deploying troops to southern border https://t.co/iKj4LWihu4
374,0.7783,Mon Apr 09 08:32:00 +0000 2018,0.0,0.657,0.343,FoxNews,"On @foxandfriends, @cvpayne praised President @realDonaldTrump's economic policies and their positive results for A‚Ä¶ https://t.co/Cos9MFoHLP"
375,-0.7506,Mon Apr 09 08:30:09 +0000 2018,0.314,0.686,0.0,FoxNews,"Delta passenger suffered 'painful' cartilage damage after child on flight repeatedly kicked her, she claims https://t.co/bcvwOCIhxd"
376,-0.4404,Mon Apr 09 08:22:21 +0000 2018,0.233,0.661,0.106,FoxNews,"National security analyst Ryan Mauro on Syrian chemical attack: ""I see no other option besides military action.""‚Ä¶ https://t.co/mbBmTmeoQH"
377,0.0,Mon Apr 09 08:21:00 +0000 2018,0.0,1.0,0.0,FoxNews,States sending troops to Mexico border. https://t.co/Zep3xNOoPF
378,-0.7184,Mon Apr 09 08:18:00 +0000 2018,0.273,0.727,0.0,FoxNews,".@TheRealJohnHCox: ""This criminal idea of the sanctuary state movement - the people are upset about this because it‚Ä¶ https://t.co/EGULsWk376"
379,-0.0747,Mon Apr 09 08:16:41 +0000 2018,0.145,0.727,0.128,FoxNews,Hackers hit Iran with US flag and 'Don't mess with our elections' warning https://t.co/Wp8Qc5XGgS
380,-0.802,Mon Apr 09 08:09:05 +0000 2018,0.474,0.526,0.0,FoxNews,Army identifies 2 killed in helicopter crash in Kentucky https://t.co/O2k3izcQvA https://t.co/Zy0NMuT2el
381,0.0,Mon Apr 09 08:06:02 +0000 2018,0.0,1.0,0.0,FoxNews,The lava lake at the summit of Hawaii‚Äôs Kilauea Volcano bubbled and spat on the morning of April 4. The USGS Hawaii‚Ä¶ https://t.co/edPWaWO7Fp
382,0.5719,Mon Apr 09 08:00:01 +0000 2018,0.0,0.821,0.179,FoxNews,".@SarahPalinUSA: ""This is unprecedented‚Äî all those elements of a perfect storm against the will of the people havin‚Ä¶ https://t.co/50FsSD8zBl"
383,-0.4767,Mon Apr 09 07:55:00 +0000 2018,0.193,0.807,0.0,FoxNews,"Arizona mom arrested after toddler ate THC-laced mac and cheese, cops say https://t.co/jQii3c6P4C https://t.co/K5C9IRUSRU"
384,0.25,Mon Apr 09 07:50:00 +0000 2018,0.0,0.9,0.1,FoxNews,"DOG OF ALL TRADES: Besides being a detection dog, Belle doubles as a fetch expert, showcasing advanced skill by sna‚Ä¶ https://t.co/WEJxOK3WHA"
385,0.6249,Mon Apr 09 07:49:00 +0000 2018,0.0,0.814,0.186,FoxNews,".@larry_kudlow: ""Look, [@POTUS is] great negotiator. He has a whole history of that. But in this process, tariffs h‚Ä¶ https://t.co/ddr3vFEmn4"
386,0.5859,Mon Apr 09 07:45:00 +0000 2018,0.0,0.703,0.297,FoxNews,Kyle Busch gets first win at Texas NASCAR race https://t.co/PKCjX7kuUT
387,-0.3612,Mon Apr 09 07:40:00 +0000 2018,0.122,0.878,0.0,FoxNews,".@TomFitton: ""@TheJusticeDept was a mess under Loretta Lynch. This meeting was an indication or an example of the w‚Ä¶ https://t.co/sM0FKs7CP4"
388,-0.2649,Mon Apr 09 07:35:00 +0000 2018,0.219,0.637,0.144,FoxNews,Syrian media report missile attack; US says it didn't fire https://t.co/kYjEZvRJjl
389,0.0,Mon Apr 09 07:30:00 +0000 2018,0.0,1.0,0.0,FoxNews,".@SarahPalinUSA on ObamaCare: ""It's an atrocity."" https://t.co/gb39DWQdUU"
390,0.0,Mon Apr 09 07:25:00 +0000 2018,0.0,1.0,0.0,FoxNews,.@elonmusk posts picture of BFR's 'main body tool' to be used for interplanetary missions https://t.co/prcYknD0jT
391,-0.4404,Mon Apr 09 07:20:00 +0000 2018,0.162,0.838,0.0,FoxNews,".@cvpayne: ""This last month we saw the second-lowest unemployment rate for black Americans in history."" https://t.co/MAmmH6WoBb"
392,0.0,Mon Apr 09 07:15:00 +0000 2018,0.0,1.0,0.0,FoxNews,.@POTUS and the economy. https://t.co/844HTnymWT
393,0.0,Mon Apr 09 07:11:00 +0000 2018,0.0,1.0,0.0,FoxNews,".@SarahPalinUSA on running for governor: ""We had a lot of corruption going on in our state, and people wanted it cl‚Ä¶ https://t.co/xmE8GHaXmL"
394,-0.2617,Mon Apr 09 07:07:00 +0000 2018,0.097,0.903,0.0,FoxNews,.@DevinNunes on the chemical attack in Syria: ‚ÄúI haven‚Äôt been briefed on this yet‚Ä¶ but obviously it‚Äôs very troublin‚Ä¶ https://t.co/s2M4bT3z2Z
395,-0.7184,Mon Apr 09 07:06:41 +0000 2018,0.375,0.625,0.0,FoxNews,The Latest: Syrian monitors say 14 killed in air base strike https://t.co/VwGz1EbzDx
396,-0.8519,Mon Apr 09 07:02:00 +0000 2018,0.449,0.449,0.101,FoxNews,"U.S. demanding Russia end Syrian support after poison gas attack kills dozens, activists and medics say‚Ä¶ https://t.co/cNAcRL4uo4"
397,0.0,Mon Apr 09 06:57:00 +0000 2018,0.0,1.0,0.0,FoxNews,".@SarahPalinUSA on her vice presidential run: ""I would do it again in a heartbeat."" https://t.co/9dhXbbodpd"
398,0.0,Mon Apr 09 06:53:00 +0000 2018,0.0,1.0,0.0,FoxNews,"""We're not used to...leaders that stand up and be tough.""

On @foxandfriends, @Nigel_Farage compared President‚Ä¶ https://t.co/7Ayny95bHm"
399,-0.4588,Mon Apr 09 06:49:00 +0000 2018,0.158,0.842,0.0,FoxNews,".@larry_kudlow on tariffs: ""China's response was highly unsatisfactory and I think that's unfortunate. We do have c‚Ä¶ https://t.co/HqPG4Hb77g"
400,-0.296,Mon Apr 09 19:20:06 +0000 2018,0.104,0.896,0.0,nytimes,A body found floating near the California coast may belong to one of the 3 teenagers still missing after their fami‚Ä¶ https://t.co/lylvDA3rc1
401,-0.6486,Mon Apr 09 19:10:06 +0000 2018,0.202,0.798,0.0,nytimes,"Congestion pricing was a major priority for the governor, businesses and activists. Now it‚Äôs nearly dead. The obsta‚Ä¶ https://t.co/o9C5BoCqkW"
402,0.8126,Mon Apr 09 19:00:07 +0000 2018,0.0,0.72,0.28,nytimes,"RT @jazzedloon: I interviewed Cynthia Nixon, who loves New York State almost as much as she loves talking spicy about Cuomo https://t.co/f5‚Ä¶"
403,0.0,Mon Apr 09 18:50:05 +0000 2018,0.0,1.0,0.0,nytimes,It's simple but loaded with flavor https://t.co/N8VwOWA1ow
404,-0.3716,Mon Apr 09 18:40:03 +0000 2018,0.201,0.679,0.12,nytimes,"There‚Äôs something admirable about a show so defiantly opposed to change, but something frustrating, too https://t.co/Pmd3iO9LoU"
405,-0.4404,Mon Apr 09 18:30:11 +0000 2018,0.116,0.884,0.0,nytimes,"RT @SopanDeb: At the end of 2017, Hank Azaria responded to criticism of Apu from @harikondabolu as ""upsetting."" So the show finally respond‚Ä¶"
406,-0.3182,Mon Apr 09 18:20:03 +0000 2018,0.113,0.887,0.0,nytimes,"In a study across 28 companies, 76% of critical feedback given to women included comments on her personality (e.g.,‚Ä¶ https://t.co/TUalWjJUQ1"
407,-0.4019,Mon Apr 09 18:06:33 +0000 2018,0.114,0.886,0.0,nytimes,"Breaking News: The federal deficit is set to rise sharply, topping $1 trillion by 2020, in the first CBO estimate s‚Ä¶ https://t.co/sinJOmbQea"
408,0.0,Mon Apr 09 18:00:21 +0000 2018,0.0,1.0,0.0,nytimes,"President Trump ""is always speaking to a proximate audience; unlike other presidents, the speaking, not the speech,‚Ä¶ https://t.co/wImyJJ353V"
409,0.4019,Mon Apr 09 17:50:03 +0000 2018,0.0,0.881,0.119,nytimes,RT @MichaelPaulson: NYC playbills from the 18th and 19th centuries will be digitized and searchable at @MuseumofCityNY with boost from @NEH‚Ä¶
410,0.0,Mon Apr 09 17:40:10 +0000 2018,0.0,1.0,0.0,nytimes,President Trump said that he will meet with Kim Jong-un in May or early June https://t.co/c0x2DD3Qs2
411,-0.1027,Mon Apr 09 17:30:09 +0000 2018,0.154,0.75,0.096,nytimes,"‚ÄúIt was my mistake, and I‚Äôm sorry. I started Facebook, I run it, and I‚Äôm responsible for what happens here,‚Äù Mark Z‚Ä¶ https://t.co/BnvctJCv1N"
412,0.2621,Mon Apr 09 17:20:09 +0000 2018,0.0,0.886,0.114,nytimes,"Cynthia Nixon: ""We built the Erie Canal! We can‚Äôt fix the subway? Are you kidding me?"" https://t.co/urfn3iJWvz"
413,-0.296,Mon Apr 09 17:10:06 +0000 2018,0.091,0.909,0.0,nytimes,RT @AllMattNYT: The Facebook app used to harvest data for Cambridge Analytica had one function: to scrape profile data. There was no ‚Äúin-ap‚Ä¶
414,0.0,Mon Apr 09 17:00:21 +0000 2018,0.0,1.0,0.0,nytimes,Why you should get the new shingles vaccine https://t.co/xaK1AGl8up
415,0.4927,Mon Apr 09 16:50:07 +0000 2018,0.0,0.803,0.197,nytimes,"Move over, Elsa. The most entertaining ice queen on Broadway is Regina George. https://t.co/ONSXYvF14Z"
416,-0.5574,Mon Apr 09 16:45:06 +0000 2018,0.173,0.827,0.0,nytimes,RT @readercenter: Confused about the trade conflict between the U.S. and China? Tweet us your questions and we will answer some LIVE from t‚Ä¶
417,0.3182,Mon Apr 09 16:40:06 +0000 2018,0.0,0.901,0.099,nytimes,"""Perhaps for the first time in a very long time, maybe the first time ever, people are beginning to entertain the p‚Ä¶ https://t.co/LwHMBJRCRt"
418,0.25,Mon Apr 09 16:30:05 +0000 2018,0.094,0.769,0.137,nytimes,"RT @jasondhorowitz: In major document on holiness, Pope Francis, seeming to brushback conservative critics, says caring for migrants and th‚Ä¶"
419,0.0,Mon Apr 09 16:20:07 +0000 2018,0.0,1.0,0.0,nytimes,How Mark Zuckerberg is cramming for his congressional hearings https://t.co/BZaWkSmwz8
420,0.0,Mon Apr 09 16:10:05 +0000 2018,0.0,1.0,0.0,nytimes,Uber found that people who use Jump Bikes travel about the same distance as people who use the company's app to rid‚Ä¶ https://t.co/vo7p9mA6qo
421,0.0,Mon Apr 09 16:06:45 +0000 2018,0.0,1.0,0.0,nytimes,Breaking News: President Trump said he‚Äôll decide in the next 24 to 48 hours whether to retaliate militarily for the‚Ä¶ https://t.co/pm5f4zhHkT
422,0.3612,Mon Apr 09 16:00:07 +0000 2018,0.0,0.878,0.122,nytimes,‚ÄúSomething that started decades ago and was applauded and inoffensive is now politically incorrect. What can you do‚Ä¶ https://t.co/5ZevGIUUfN
423,0.0,Mon Apr 09 15:50:05 +0000 2018,0.0,1.0,0.0,nytimes,The signature may be going out of style https://t.co/iQpUA90mZG
424,-0.6705,Mon Apr 09 15:40:08 +0000 2018,0.243,0.757,0.0,nytimes,The leader of ISIS in northern Afghanistan has been killed by an American airstrike https://t.co/I4KySr1aMn
425,0.8326,Mon Apr 09 15:30:09 +0000 2018,0.056,0.617,0.328,nytimes,RT @TimHerrera: Giving feedback isn‚Äôt easy! But @stephmit is in SL this week talking about how to be better ‚Äî and less biased ‚Äî at giving i‚Ä¶
426,-0.2263,Mon Apr 09 15:20:10 +0000 2018,0.101,0.899,0.0,nytimes,Gov. Rick Scott made official what Floridians have suspected for months: He's running for the U.S. Senate https://t.co/2IrL7lFd1j
427,0.1027,Mon Apr 09 15:10:05 +0000 2018,0.073,0.833,0.094,nytimes,The federal government‚Äôs top ethics official sent a letter to the EPA questioning Scott Pruitt's actions and asking‚Ä¶ https://t.co/gpwZQAbPF3
428,0.6705,Mon Apr 09 15:00:21 +0000 2018,0.0,0.683,0.317,nytimes,"Combative, relentless and proudly impolitic, John Bolton has a kindred spirit of sorts in President Trump, a fellow‚Ä¶ https://t.co/rDXkTyjA3G"
429,0.1027,Mon Apr 09 14:50:03 +0000 2018,0.086,0.811,0.104,nytimes,"‚ÄúGet a job,‚Äù one Chief Wahoo fan yelled, along with an expletive, at protesters at the Cleveland Indians' home open‚Ä¶ https://t.co/OGmApH1WRA"
430,0.5598,Mon Apr 09 14:40:08 +0000 2018,0.0,0.833,0.167,nytimes,"RT @VVFriedman: Why that rumor about Anna Wintour leaving Vogue was so powerful, and what it could mean -  https://t.co/hnJqwO6cR6"
431,-0.296,Mon Apr 09 14:32:06 +0000 2018,0.128,0.872,0.0,nytimes,Video: Syria and Russia accused Israel of conducting aistrikes on a Syrian air base on Monday https://t.co/MxTcHGx2TG
432,0.0,Mon Apr 09 14:25:04 +0000 2018,0.0,1.0,0.0,nytimes,"RT @chashomans: I went to some of Trump's post-election rallies, and had some thoughts about them, and wrote down those thoughts: https://t‚Ä¶"
433,-0.34,Mon Apr 09 14:14:06 +0000 2018,0.149,0.766,0.086,nytimes,Consumer groups said YouTube failed to comply with a federal law that requires companies to obtain consent from par‚Ä¶ https://t.co/VLXdNstvls
434,-0.875,Mon Apr 09 14:00:05 +0000 2018,0.44,0.56,0.0,nytimes,"Big power tensions in the Syria conflict, already running high after an apparent chemical weapons attack, ratcheted‚Ä¶ https://t.co/JAhWKLryfR"
435,0.6908,Mon Apr 09 13:45:05 +0000 2018,0.0,0.678,0.322,nytimes,"Tony Robbins, a life coach, apologized for saying women use #MeToo to gain ""significance"" https://t.co/ZEc5Hy3QpS"
436,0.0,Mon Apr 09 13:30:07 +0000 2018,0.0,1.0,0.0,nytimes,"RT @PatrickKingsley: What would happen if a far-right leader cemented power in a western state? In Viktor Orban's Hungary, it's already hap‚Ä¶"
437,0.0,Mon Apr 09 13:20:05 +0000 2018,0.0,1.0,0.0,nytimes,Video: Did these women see #MeToo coming? https://t.co/NXZ3mPD44F
438,-0.4404,Mon Apr 09 13:11:10 +0000 2018,0.206,0.687,0.107,nytimes,"Friends of the art collector who died in a fire at Trump Tower said he had been trying to move since the election,‚Ä¶ https://t.co/AADoOZvj7r"
439,0.0,Mon Apr 09 13:00:27 +0000 2018,0.0,1.0,0.0,nytimes,Morning¬†Briefing: Here's what you need to know to start your day https://t.co/z6zdDPxTPo https://t.co/fsmzE3skCk
440,0.0,Mon Apr 09 12:44:06 +0000 2018,0.0,1.0,0.0,nytimes,The post-campaign campaign of Donald Trump https://t.co/EFmeLFLJgX https://t.co/nwpMojrmlE
441,-0.1027,Mon Apr 09 12:30:04 +0000 2018,0.062,0.938,0.0,nytimes,"When women have their first child between age 25 and 35, their pay never recovers, relative to that of their husban‚Ä¶ https://t.co/68e886x9kv"
442,-0.7717,Mon Apr 09 12:14:03 +0000 2018,0.295,0.705,0.0,nytimes,European leaders' biggest fear may be that President Trump's belligerent approach to trade will destroy the postwar‚Ä¶ https://t.co/tjShh80JUo
443,0.0258,Mon Apr 09 11:45:04 +0000 2018,0.139,0.717,0.143,nytimes,"Caring for migrants and the poor is equally as holy a pursuit as opposing abortion, Pope Francis declared https://t.co/vpN7G3cWgs"
444,-0.6124,Mon Apr 09 11:30:06 +0000 2018,0.257,0.672,0.071,nytimes,"RT @TheSteinLine: For the second straight season, one seriously sprained knee forced the Warriors to make the unkindest of roster cuts. My‚Ä¶"
445,-0.3818,Mon Apr 09 11:14:03 +0000 2018,0.223,0.625,0.152,nytimes,"After a suspected chemical attack in Syria, President Trump said Iran and Russia were responsible for backing ""Anim‚Ä¶ https://t.co/PYq05VxVKa"
446,0.0516,Mon Apr 09 11:00:13 +0000 2018,0.09,0.81,0.1,nytimes,"""At a certain point, you just have to do something,"" said a bookseller in Berlin who helped organize protests again‚Ä¶ https://t.co/KRDuQhzKMH"
447,-0.1531,Mon Apr 09 10:44:06 +0000 2018,0.074,0.926,0.0,nytimes,Their data was swept up for Cambridge Analytica. Some of the first known affected Facebook users to be publicly ide‚Ä¶ https://t.co/c3xhGEDI7r
448,0.4588,Mon Apr 09 10:31:06 +0000 2018,0.0,0.84,0.16,nytimes,"RT @nytimesworld: ‚ÄúWe don‚Äôt want migrants to come to Hungary,‚Äù said an army reservist who voted for Viktor Orban‚Äôs party. ‚ÄúThey are unwilli‚Ä¶"
449,-0.7717,Mon Apr 09 10:17:02 +0000 2018,0.325,0.675,0.0,nytimes,Six men suspected of plotting a possible attack on the Berlin half-marathon on Sunday were detained by the police https://t.co/kYJl4HlJs6
450,0.0,Mon Apr 09 10:07:07 +0000 2018,0.0,1.0,0.0,nytimes,Morning¬†Briefing: Here's what you need to know to start your day https://t.co/RNNICDJiOs https://t.co/fTtErIRrGA
451,0.2732,Mon Apr 09 10:00:19 +0000 2018,0.0,0.9,0.1,nytimes,"As marijuana use has increased, ER doctors say they've been seeing a steady flow of patients with the telltale symp‚Ä¶ https://t.co/7auDlDfWBv"
452,-0.6597,Mon Apr 09 09:44:01 +0000 2018,0.252,0.748,0.0,nytimes,Syria and Russia blamed Israel for early morning airstrikes on a Syrian military base that a conflict monitoring gr‚Ä¶ https://t.co/GtFjYhkZ8d
453,-0.7003,Mon Apr 09 09:29:01 +0000 2018,0.266,0.734,0.0,nytimes,"The reported chemical attack in Syria seems to have squeezed President Trump between conflicting impulses, and rais‚Ä¶ https://t.co/mRlcTrwBJA"
454,0.5267,Mon Apr 09 09:16:04 +0000 2018,0.0,0.815,0.185,nytimes,"Viktor Orban, who has set about transforming Hungary from a vibrant democracy into a semi-autocratic state, appeare‚Ä¶ https://t.co/Vx2IWPCgzc"
455,0.2776,Mon Apr 09 08:59:04 +0000 2018,0.064,0.823,0.113,nytimes,"Modern Love: ""I‚Äôm not sure it‚Äôs possible to justify my liaisons with married men, but what I learned from having th‚Ä¶ https://t.co/PJh6QfzZ26"
456,0.4215,Mon Apr 09 08:46:02 +0000 2018,0.0,0.872,0.128,nytimes,North Korea has told the United States that Kim Jong-un is willing to discuss denuclearization of the Korean Penins‚Ä¶ https://t.co/B5jGai0g4G
457,0.0258,Mon Apr 09 08:31:05 +0000 2018,0.0,0.939,0.061,nytimes,Many people taking antidepressants are saying they cannot quit because of withdrawal symptoms they were never warne‚Ä¶ https://t.co/CeaWbLe2qw
458,-0.34,Mon Apr 09 08:16:06 +0000 2018,0.149,0.766,0.086,nytimes,Consumer groups said YouTube failed to comply with a federal law that requires companies to obtain consent from par‚Ä¶ https://t.co/prqzE2SYC7
459,0.4215,Mon Apr 09 07:59:03 +0000 2018,0.0,0.859,0.141,nytimes,Jeff Sessions appointed a United States attorney to handle document production for an inquiry into the FBI's handli‚Ä¶ https://t.co/wlGVcDXzjw
460,0.0,Mon Apr 09 07:44:04 +0000 2018,0.0,1.0,0.0,nytimes,"RT @nytimesworld: J√∂rg Braunsdorf will order books from some right-wing publishers at the request of customers at his Berlin bookstore, but‚Ä¶"
461,-0.25,Mon Apr 09 07:30:15 +0000 2018,0.182,0.818,0.0,nytimes,"Sri Reddy, an Indian actress, staged a topless #MeToo protest https://t.co/NUrkj4zdMZ"
462,0.2732,Mon Apr 09 07:21:00 +0000 2018,0.0,0.9,0.1,nytimes,"As marijuana use has increased, ER doctors say they've been seeing a steady flow of patients with the telltale symp‚Ä¶ https://t.co/cRx05Eb2fu"
463,-0.5859,Mon Apr 09 07:04:56 +0000 2018,0.286,0.714,0.0,nytimes,A look at some of the major episodes of suspected chemical attacks in Syria https://t.co/n6YplhtWrB
464,0.2732,Mon Apr 09 06:48:38 +0000 2018,0.0,0.826,0.174,nytimes,Here's how to start a fitness routine ‚Äì and stick to it https://t.co/WvY6hDtVYB
465,0.0,Mon Apr 09 06:32:05 +0000 2018,0.0,1.0,0.0,nytimes,RT @gabrieldance: we‚Äôve talked with cambridge analytica. we‚Äôve talked w chris wylie. we‚Äôve talked with kogan about his infamous app. we‚Äôve‚Ä¶
466,0.6124,Mon Apr 09 06:09:41 +0000 2018,0.0,0.792,0.208,nytimes,"Is the doctor in? In this new medical age of urgent care centers and retail clinics, that‚Äôs not a simple question. https://t.co/AyGCxjbUTp"
467,-0.5574,Mon Apr 09 05:51:57 +0000 2018,0.315,0.55,0.135,nytimes,15 Lives Devoted to Hockey: A Look at Who Died in a Crash in Canada https://t.co/FHzwWleWQ6
468,0.3612,Mon Apr 09 05:41:01 +0000 2018,0.117,0.675,0.209,nytimes,"Justice Dept., Pressured by Trump, Seeks to Speed Response to Congressional Inquiry https://t.co/khY6xcbzcN"
469,0.5994,Mon Apr 09 05:38:46 +0000 2018,0.0,0.754,0.246,nytimes,"Have a craving for craving for deep, dark pools of warm chocolate, sweet pecans and fragrant coconut? https://t.co/6J9sNLn1pS"
470,0.2732,Mon Apr 09 05:22:17 +0000 2018,0.0,0.826,0.174,nytimes,Here's how to start a fitness routine ‚Äì and stick to it https://t.co/4w3uf4LhhZ
471,-0.1027,Mon Apr 09 05:04:14 +0000 2018,0.188,0.68,0.132,nytimes,"Michigan will stop providing free bottled water to the city of Flint. City officials criticized the move, noting th‚Ä¶ https://t.co/FKlz64hQeR"
472,0.0258,Mon Apr 09 04:46:38 +0000 2018,0.0,0.939,0.061,nytimes,Many people taking antidepressants are saying they cannot quit because of withdrawal symptoms they were never warne‚Ä¶ https://t.co/2qZnmp8U21
473,-0.2263,Mon Apr 09 04:29:11 +0000 2018,0.113,0.821,0.067,nytimes,"Once you immerse yourself in the tasty, convenient world of sheet-pan suppers, you won‚Äôt want to stop https://t.co/Zfz56ScoJu"
474,-0.1531,Mon Apr 09 04:12:01 +0000 2018,0.074,0.926,0.0,nytimes,Their data was swept up for Cambridge Analytica. Some of the first known affected Facebook users to be publicly ide‚Ä¶ https://t.co/TPOpwz0ypP
475,0.0,Mon Apr 09 03:52:37 +0000 2018,0.0,1.0,0.0,nytimes,"For Luigi Di Maio, It‚Äôs Now or Never to Lead Italy. Unless It‚Äôs Later. https://t.co/z7ZQwMG4sB"
476,0.0,Mon Apr 09 03:48:06 +0000 2018,0.0,1.0,0.0,nytimes,"NYT journalists scoured old Islamic State offices in Iraq, gathering over 15,000 pages of internal records abandone‚Ä¶ https://t.co/ITQZbJsbmK"
477,0.3254,Mon Apr 09 03:30:11 +0000 2018,0.0,0.896,0.104,nytimes,RT @AllMattNYT: SCOOP: ‚ÄúYou are the product‚Äù ‚Äî @NYTimes found Facebook users whose data was harvested by Cambridge Analytica. They are the‚Ä¶
478,-0.4404,Mon Apr 09 03:22:03 +0000 2018,0.26,0.606,0.134,nytimes,Friends of Todd Brassner remember the man who died in a fire at Trump Tower on Saturday https://t.co/69sA8IQbf8
479,0.4019,Mon Apr 09 03:09:28 +0000 2018,0.0,0.748,0.252,nytimes,Pyongyang Welcomes Hundreds of Foreigners for Yearly Marathon https://t.co/HA0Qam6afq
480,0.6124,Mon Apr 09 03:02:57 +0000 2018,0.0,0.792,0.208,nytimes,"Is the doctor in? In this new medical age of urgent care centers and retail clinics, that‚Äôs not a simple question. https://t.co/zas6Z1fKBR"
481,-0.6908,Mon Apr 09 02:45:12 +0000 2018,0.207,0.793,0.0,nytimes,The tiny elevator in a Brooklyn housing project will forever be tainted by the murder of a 6-year-old inside nearly‚Ä¶ https://t.co/EyJA7ZTETJ
482,0.0,Mon Apr 09 02:26:53 +0000 2018,0.0,1.0,0.0,nytimes,"South Carolina's former first lady, Jenny Sanford, wasn‚Äôt looking to remarry after her high-profile divorce, until‚Ä¶ https://t.co/VoB54wj2x8"
483,0.2776,Mon Apr 09 02:07:29 +0000 2018,0.064,0.823,0.113,nytimes,"Modern Love: ""I‚Äôm not sure it‚Äôs possible to justify my liaisons with married men, but what I learned from having th‚Ä¶ https://t.co/m9V38iZ3hx"
484,0.4215,Mon Apr 09 01:51:57 +0000 2018,0.0,0.797,0.203,nytimes,Review: ‚ÄòMean Girls‚Äô Sets the Perils of Being Popular to Song https://t.co/ocyCL7g1JL
485,-0.1027,Mon Apr 09 01:39:49 +0000 2018,0.188,0.68,0.132,nytimes,"Michigan will stop providing free bottled water to the city of Flint. City officials criticized the move, noting th‚Ä¶ https://t.co/EdAuT0cJyH"
486,0.0258,Mon Apr 09 01:20:33 +0000 2018,0.0,0.939,0.061,nytimes,Many people taking antidepressants are saying they cannot quit because of withdrawal symptoms they were never warne‚Ä¶ https://t.co/vBtDudBwF9
487,0.34,Mon Apr 09 01:03:51 +0000 2018,0.0,0.821,0.179,nytimes,North Korea Said to Offer Direct Assurance It Will Discuss Denuclearization https://t.co/OB39Xfk3wD
488,0.7351,Mon Apr 09 00:57:20 +0000 2018,0.0,0.725,0.275,nytimes,The snow monkeys of Japan like a nice warm bath. Scientists wanted to find out the real reason they sought out the‚Ä¶ https://t.co/Wg61NYzLII
489,-0.6124,Mon Apr 09 00:43:09 +0000 2018,0.267,0.733,0.0,nytimes,A Town That Lives for Hockey Is Devastated by Humboldt Broncos‚Äô Deaths https://t.co/fkUbNvxLpe
490,0.4215,Mon Apr 09 00:40:49 +0000 2018,0.0,0.865,0.135,nytimes,"Facebook's advice to Mark Zuckerberg as he prepares to appear before Congress: Be humble, agreeable and as forthrig‚Ä¶ https://t.co/vqSgPJGcqe"
491,0.0,Mon Apr 09 00:22:55 +0000 2018,0.0,1.0,0.0,nytimes,Paleontologists have discovered dozens of jumbo-size footprints belonging to dinosaurs that lived 170 million years‚Ä¶ https://t.co/AciKlSwvNA
492,0.4215,Mon Apr 09 00:04:17 +0000 2018,0.0,0.865,0.135,nytimes,"Facebook's advice to Mark Zuckerberg as he prepares to appear before Congress: Be humble, agreeable and as forthrig‚Ä¶ https://t.co/dbYIfSGCCM"
493,-0.8779,Sun Apr 08 23:47:19 +0000 2018,0.336,0.664,0.0,nytimes,"He killed a Red Cross worker, and the motive is still a mystery: ""I will go to hell for what I did"" https://t.co/6pCS8rSFVJ"
494,-0.128,Sun Apr 08 23:31:12 +0000 2018,0.158,0.842,0.0,nytimes,A Tough Task for Facebook: European-Type Privacy for All https://t.co/fWLrndUdXa
495,-0.3612,Sun Apr 08 23:14:04 +0000 2018,0.185,0.815,0.0,nytimes,"Profile: Circe, a Vilified Witch From Classical Mythology, Gets Her Own Epic https://t.co/6aZoqsc21e"
496,0.5719,Sun Apr 08 23:02:44 +0000 2018,0.0,0.709,0.291,nytimes,"Orban Wins Sweeping Majority, and Control of Hungary‚Äôs Constitution https://t.co/c9kT44hYLI"
497,0.5719,Sun Apr 08 22:59:45 +0000 2018,0.0,0.684,0.316,nytimes,Patrick Reed Wins the Masters in a Breakthrough Performance https://t.co/Ftp0PBbgRt
498,0.6597,Sun Apr 08 22:42:34 +0000 2018,0.0,0.769,0.231,nytimes,"""My parents don‚Äôt want to just throw money around now. I‚Äôm getting a great education at a fraction of the cost."" https://t.co/D0m6zXCvok"
499,0.8591,Sun Apr 08 22:25:23 +0000 2018,0.0,0.578,0.422,nytimes,Com Journal: East Timor Has Some of the World‚Äôs Richest Reefs. Can It Profit Safely? https://t.co/PcTmSWxSWh
